

------------------------------------------------------------------------------
--------------------------------DisplayManager--------------------------------
------------------------------------------------------------------------------
 2020-06-10 3:51:40 PM Client-Info Client Version: 0.11.19
 2020-06-10 3:51:40 PM Client-Info Client OS:      Windows
 2020-06-10 3:51:40 PM Client-Info Server Version: 1.5.8
 2020-06-10 3:51:40 PM Middleware::Response Success
 2020-06-10 3:51:40 PM DisplayManager:Display Enumerating displays through API call:
 2020-06-10 3:51:40 PM DisplayManager:Display * c (0 x 0, 0hz)
 2020-06-10 3:51:40 PM DisplayManager:Display * c (0 x 0, 0hz)
 2020-06-10 3:51:40 PM DisplayManager:Display * c (0 x 0, 0hz)
 2020-06-10 3:51:40 PM DisplayManager:Display * c (0 x 0, 0hz)
 2020-06-10 3:51:40 PM DisplayManager:Display * c (0 x 0, 0hz)
 2020-06-10 3:51:40 PM DisplayManager:Display * c (0 x 0, 0hz)
 2020-06-10 3:51:40 PM DisplayManager:Display * c (0 x 0, 0hz)
 2020-06-10 3:51:40 PM DisplayManager:Display * c (0 x 0, 0hz)
 2020-06-10 3:51:40 PM DisplayManager:Display * c (0 x 0, 0hz)
 2020-06-10 3:51:40 PM DisplayManager:Display * c (0 x 0, 0hz)
 2020-06-10 3:51:40 PM DisplayManager:Display * c (0 x 0, 0hz)
 2020-06-10 3:51:40 PM DisplayManager:Display * c (0 x 0, 0hz)
 2020-06-10 3:51:40 PM DisplayManager:Display * c (0 x 0, 0hz)
 2020-06-10 3:51:40 PM DisplayManager:Display * c (0 x 0, 0hz)
 2020-06-10 3:51:40 PM DisplayManager:Display * c (0 x 0, 0hz)
 2020-06-10 3:51:40 PM DisplayManager:Display * c (0 x 0, 0hz)
 2020-06-10 3:51:40 PM DisplayManager:Display * c (0 x 0, 0hz)
 2020-06-10 3:51:40 PM DisplayManager:Display * c (0 x 0, 0hz)
 2020-06-10 3:51:40 PM DisplayManager:Display * c (0 x 0, 0hz)
 2020-06-10 3:51:40 PM DisplayManager:Display * c (0 x 0, 0hz)
 2020-06-10 3:51:40 PM DisplayManager:Display * c (0 x 0, 0hz)
 2020-06-10 3:51:40 PM DisplayManager:Display * c (0 x 0, 0hz)
 2020-06-10 3:51:40 PM DisplayManager:Display * c (0 x 0, 0hz)
 2020-06-10 3:51:40 PM DisplayManager:Display * c (0 x 0, 0hz)
 2020-06-10 3:51:40 PM DisplayManager:Display * c (0 x 0, 0hz)
 2020-06-10 3:51:40 PM DisplayManager:Display * c (0 x 0, 0hz)
 2020-06-10 3:51:40 PM DisplayManager:Display * c (0 x 0, 0hz)
 2020-06-10 3:51:40 PM DisplayManager:Display * c (0 x 0, 0hz)
 2020-06-10 3:51:40 PM DisplayManager:Display * c (0 x 0, 0hz)
 2020-06-10 3:51:40 PM DisplayManager:Display * c (0 x 0, 0hz)
 2020-06-10 3:51:40 PM DisplayManager:Display * c (0 x 0, 0hz)
 2020-06-10 3:51:40 PM DisplayManager:Display * c (0 x 0, 0hz)
 2020-06-10 3:51:40 PM DisplayManager:Display * c (0 x 0, 0hz)
 2020-06-10 3:51:40 PM DisplayManager:Display * c (0 x 0, 0hz)
 2020-06-10 3:51:40 PM DisplayManager:Display * c (0 x 0, 0hz)
 2020-06-10 3:51:40 PM DisplayManager:Display * c (0 x 0, 0hz)
 2020-06-10 3:51:40 PM DisplayManager:Display * c (0 x 0, 0hz)
 2020-06-10 3:51:40 PM DisplayManager:Display * c (0 x 0, 0hz)
 2020-06-10 3:51:40 PM DisplayManager:Display * c (0 x 0, 0hz)
 2020-06-10 3:51:40 PM DisplayManager:Display * c (0 x 0, 0hz)
 2020-06-10 3:51:40 PM DisplayManager:Display * c (0 x 0, 0hz)
 2020-06-10 3:51:40 PM DisplayManager:Display * c (0 x 0, 0hz)
 2020-06-10 3:51:40 PM DisplayManager:Display * c (0 x 0, 0hz)
 2020-06-10 3:51:40 PM DisplayManager:Display * c (0 x 0, 0hz)
 2020-06-10 3:51:40 PM DisplayManager:Display * c (0 x 0, 0hz)
 2020-06-10 3:51:40 PM DisplayManager:Display * c (0 x 0, 0hz)
 2020-06-10 3:51:40 PM DisplayManager:Display * c (0 x 0, 0hz)
 2020-06-10 3:51:40 PM DisplayManager:Display * c (0 x 0, 0hz)
 2020-06-10 3:51:40 PM DisplayManager:Display * c (0 x 0, 0hz)
 2020-06-10 3:51:40 PM DisplayManager:Display * c (0 x 0, 0hz)
 2020-06-10 3:51:40 PM DisplayManager:Display * c (0 x 0, 0hz)
 2020-06-10 3:51:40 PM DisplayManager:Display * c (0 x 0, 0hz)
 2020-06-10 3:51:40 PM DisplayManager:Display * c (0 x 0, 0hz)
 2020-06-10 3:51:40 PM DisplayManager:Display * c (0 x 0, 0hz)
 2020-06-10 3:51:40 PM DisplayManager:Display * c (0 x 0, 0hz)
 2020-06-10 3:51:40 PM DisplayManager:Display * c (0 x 0, 0hz)
 2020-06-10 3:51:40 PM DisplayManager:Display * c (0 x 0, 0hz)
 2020-06-10 3:51:40 PM DisplayManager:Display * c (0 x 0, 0hz)
 2020-06-10 3:51:40 PM DisplayManager:Display * c (0 x 0, 0hz)
 2020-06-10 3:51:40 PM DisplayManager:Display * c (0 x 0, 0hz)
 2020-06-10 3:51:40 PM DisplayManager:Display * c (0 x 0, 0hz)
 2020-06-10 3:51:40 PM DisplayManager:Display * c (0 x 0, 0hz)
 2020-06-10 3:51:40 PM DisplayManager:Display * c (0 x 0, 0hz)
 2020-06-10 3:51:40 PM DisplayManager:Display * c (0 x 0, 0hz)
 2020-06-10 3:51:40 PM DisplayManager:Display * c (0 x 0, 0hz)
 2020-06-10 3:51:40 PM DisplayManager:Display * c (0 x 0, 0hz)
 2020-06-10 3:51:40 PM DisplayManager:Display * c (0 x 0, 0hz)
 2020-06-10 3:51:40 PM DisplayManager:Display * c (0 x 0, 0hz)
 2020-06-10 3:51:40 PM DisplayManager:Display * c (0 x 0, 0hz)
 2020-06-10 3:51:40 PM DisplayManager:Display * c (0 x 0, 0hz)
 2020-06-10 3:51:40 PM DisplayManager:Display * c (0 x 0, 0hz)
 2020-06-10 3:51:40 PM DisplayManager:Display * c (0 x 0, 0hz)
 2020-06-10 3:51:40 PM DisplayManager:Display * c (0 x 0, 0hz)
 2020-06-10 3:51:40 PM DisplayManager:Display * c (0 x 0, 0hz)
 2020-06-10 3:51:40 PM DisplayManager:Display * c (0 x 0, 0hz)
 2020-06-10 3:51:40 PM DisplayManager:Display * c (0 x 0, 0hz)
 2020-06-10 3:51:40 PM DisplayManager:Display * c (0 x 0, 0hz)
 2020-06-10 3:51:40 PM DisplayManager:Display * c (0 x 0, 0hz)
 2020-06-10 3:51:40 PM DisplayManager:Display * c (0 x 0, 0hz)
 2020-06-10 3:51:40 PM DisplayManager:Display * c (0 x 0, 0hz)
 2020-06-10 3:51:40 PM DisplayManager:Display * c (0 x 0, 0hz)
 2020-06-10 3:51:40 PM DisplayManager:Display * c (0 x 0, 0hz)
 2020-06-10 3:51:40 PM DisplayManager:Display * c (0 x 0, 0hz)
 2020-06-10 3:51:40 PM DisplayManager:Display * c (0 x 0, 0hz)
 2020-06-10 3:51:40 PM DisplayManager:Display * c (0 x 0, 0hz)
 2020-06-10 3:51:40 PM DisplayManager:Display * c (0 x 0, 0hz)
 2020-06-10 3:51:40 PM DisplayManager:Display * c (0 x 0, 0hz)
 2020-06-10 3:51:40 PM DisplayManager:Display * c (0 x 0, 0hz)
 2020-06-10 3:51:40 PM DisplayManager:Display * c (0 x 0, 0hz)
 2020-06-10 3:51:40 PM DisplayManager:Display * c (0 x 0, 0hz)
 2020-06-10 3:51:40 PM DisplayManager:Display * c (0 x 0, 0hz)
 2020-06-10 3:51:40 PM DisplayManager:Display * c (0 x 0, 0hz)
 2020-06-10 3:51:40 PM DisplayManager:Display * c (0 x 0, 0hz)
 2020-06-10 3:51:40 PM DisplayManager:Display * c (0 x 0, 0hz)
 2020-06-10 3:51:40 PM DisplayManager:Display * c (0 x 0, 0hz)
 2020-06-10 3:51:40 PM DisplayManager:Display * c (0 x 0, 0hz)
 2020-06-10 3:51:40 PM DisplayManager Loading display settings from registry:
 2020-06-10 3:51:40 PM DisplayManager * Default Monitor
 2020-06-10 3:51:40 PM DisplayManager:Display Enumerating displays through API call:
 2020-06-10 3:51:40 PM DisplayManager:Display * c (0 x 0, 0hz)
 2020-06-10 3:51:40 PM DisplayManager:Display * c (0 x 0, 0hz)
 2020-06-10 3:51:40 PM DisplayManager:Display * c (0 x 0, 0hz)
 2020-06-10 3:51:40 PM DisplayManager:Display * c (0 x 0, 0hz)
 2020-06-10 3:51:40 PM DisplayManager:Display * c (0 x 0, 0hz)
 2020-06-10 3:51:40 PM DisplayManager:Display * c (0 x 0, 0hz)
 2020-06-10 3:51:40 PM DisplayManager:Display * c (0 x 0, 0hz)
 2020-06-10 3:51:40 PM DisplayManager:Display * c (0 x 0, 0hz)
 2020-06-10 3:51:40 PM DisplayManager:Display * c (0 x 0, 0hz)
 2020-06-10 3:51:40 PM DisplayManager:Display * c (0 x 0, 0hz)
 2020-06-10 3:51:40 PM DisplayManager:Display * c (0 x 0, 0hz)
 2020-06-10 3:51:40 PM DisplayManager:Display * c (0 x 0, 0hz)
 2020-06-10 3:51:40 PM DisplayManager:Display * c (0 x 0, 0hz)
 2020-06-10 3:51:40 PM DisplayManager:Display * c (0 x 0, 0hz)
 2020-06-10 3:51:40 PM DisplayManager:Display * c (0 x 0, 0hz)
 2020-06-10 3:51:40 PM DisplayManager:Display * c (0 x 0, 0hz)
 2020-06-10 3:51:40 PM DisplayManager:Display * c (0 x 0, 0hz)
 2020-06-10 3:51:40 PM DisplayManager:Display * c (0 x 0, 0hz)
 2020-06-10 3:51:40 PM DisplayManager:Display * c (0 x 0, 0hz)
 2020-06-10 3:51:40 PM DisplayManager:Display * c (0 x 0, 0hz)
 2020-06-10 3:51:40 PM DisplayManager:Display * c (0 x 0, 0hz)
 2020-06-10 3:51:40 PM DisplayManager:Display * c (0 x 0, 0hz)
 2020-06-10 3:51:40 PM DisplayManager:Display * c (0 x 0, 0hz)
 2020-06-10 3:51:40 PM DisplayManager:Display * c (0 x 0, 0hz)
 2020-06-10 3:51:40 PM DisplayManager:Display * c (0 x 0, 0hz)
 2020-06-10 3:51:40 PM DisplayManager:Display * c (0 x 0, 0hz)
 2020-06-10 3:51:40 PM DisplayManager:Display * c (0 x 0, 0hz)
 2020-06-10 3:51:40 PM DisplayManager:Display * c (0 x 0, 0hz)
 2020-06-10 3:51:40 PM DisplayManager:Display * c (0 x 0, 0hz)
 2020-06-10 3:51:40 PM DisplayManager:Display * c (0 x 0, 0hz)
 2020-06-10 3:51:40 PM DisplayManager:Display * c (0 x 0, 0hz)
 2020-06-10 3:51:40 PM DisplayManager:Display * c (0 x 0, 0hz)
 2020-06-10 3:51:40 PM DisplayManager:Display * c (0 x 0, 0hz)
 2020-06-10 3:51:40 PM DisplayManager:Display * c (0 x 0, 0hz)
 2020-06-10 3:51:40 PM DisplayManager:Display * c (0 x 0, 0hz)
 2020-06-10 3:51:40 PM DisplayManager:Display * c (0 x 0, 0hz)
 2020-06-10 3:51:40 PM DisplayManager:Display * c (0 x 0, 0hz)
 2020-06-10 3:51:40 PM DisplayManager:Display * c (0 x 0, 0hz)
 2020-06-10 3:51:40 PM DisplayManager:Display * c (0 x 0, 0hz)
 2020-06-10 3:51:40 PM DisplayManager:Display * c (0 x 0, 0hz)
 2020-06-10 3:51:40 PM DisplayManager:Display * c (0 x 0, 0hz)
 2020-06-10 3:51:40 PM DisplayManager:Display * c (0 x 0, 0hz)
 2020-06-10 3:51:40 PM DisplayManager:Display * c (0 x 0, 0hz)
 2020-06-10 3:51:40 PM DisplayManager:Display * c (0 x 0, 0hz)
 2020-06-10 3:51:40 PM DisplayManager:Display * c (0 x 0, 0hz)
 2020-06-10 3:51:40 PM DisplayManager:Display * c (0 x 0, 0hz)
 2020-06-10 3:51:40 PM DisplayManager:Display * c (0 x 0, 0hz)
 2020-06-10 3:51:40 PM DisplayManager:Display * c (0 x 0, 0hz)
 2020-06-10 3:51:40 PM DisplayManager:Display * c (0 x 0, 0hz)
 2020-06-10 3:51:40 PM DisplayManager:Display * c (0 x 0, 0hz)
 2020-06-10 3:51:40 PM DisplayManager:Display * c (0 x 0, 0hz)
 2020-06-10 3:51:40 PM DisplayManager:Display * c (0 x 0, 0hz)
 2020-06-10 3:51:40 PM DisplayManager:Display * c (0 x 0, 0hz)
 2020-06-10 3:51:40 PM DisplayManager:Display * c (0 x 0, 0hz)
 2020-06-10 3:51:40 PM DisplayManager:Display * c (0 x 0, 0hz)
 2020-06-10 3:51:40 PM DisplayManager:Display * c (0 x 0, 0hz)
 2020-06-10 3:51:40 PM DisplayManager:Display * c (0 x 0, 0hz)
 2020-06-10 3:51:40 PM DisplayManager:Display * c (0 x 0, 0hz)
 2020-06-10 3:51:40 PM DisplayManager:Display * c (0 x 0, 0hz)
 2020-06-10 3:51:40 PM DisplayManager:Display * c (0 x 0, 0hz)
 2020-06-10 3:51:40 PM DisplayManager:Display * c (0 x 0, 0hz)
 2020-06-10 3:51:40 PM DisplayManager:Display * c (0 x 0, 0hz)
 2020-06-10 3:51:40 PM DisplayManager:Display * c (0 x 0, 0hz)
 2020-06-10 3:51:40 PM DisplayManager:Display * c (0 x 0, 0hz)
 2020-06-10 3:51:40 PM DisplayManager:Display * c (0 x 0, 0hz)
 2020-06-10 3:51:40 PM DisplayManager:Display * c (0 x 0, 0hz)
 2020-06-10 3:51:40 PM DisplayManager:Display * c (0 x 0, 0hz)
 2020-06-10 3:51:40 PM DisplayManager:Display * c (0 x 0, 0hz)
 2020-06-10 3:51:40 PM DisplayManager:Display * c (0 x 0, 0hz)
 2020-06-10 3:51:40 PM DisplayManager:Display * c (0 x 0, 0hz)
 2020-06-10 3:51:40 PM DisplayManager:Display * c (0 x 0, 0hz)
 2020-06-10 3:51:40 PM DisplayManager:Display * c (0 x 0, 0hz)
 2020-06-10 3:51:40 PM DisplayManager:Display * c (0 x 0, 0hz)
 2020-06-10 3:51:40 PM DisplayManager:Display * c (0 x 0, 0hz)
 2020-06-10 3:51:40 PM DisplayManager:Display * c (0 x 0, 0hz)
 2020-06-10 3:51:40 PM DisplayManager:Display * c (0 x 0, 0hz)
 2020-06-10 3:51:40 PM DisplayManager:Display * c (0 x 0, 0hz)
 2020-06-10 3:51:40 PM DisplayManager:Display * c (0 x 0, 0hz)
 2020-06-10 3:51:40 PM DisplayManager:Display * c (0 x 0, 0hz)
 2020-06-10 3:51:40 PM DisplayManager:Display * c (0 x 0, 0hz)
 2020-06-10 3:51:40 PM DisplayManager:Display * c (0 x 0, 0hz)
 2020-06-10 3:51:40 PM DisplayManager:Display * c (0 x 0, 0hz)
 2020-06-10 3:51:40 PM DisplayManager:Display * c (0 x 0, 0hz)
 2020-06-10 3:51:40 PM DisplayManager:Display * c (0 x 0, 0hz)
 2020-06-10 3:51:40 PM DisplayManager:Display * c (0 x 0, 0hz)
 2020-06-10 3:51:40 PM DisplayManager:Display * c (0 x 0, 0hz)
 2020-06-10 3:51:40 PM DisplayManager:Display * c (0 x 0, 0hz)
 2020-06-10 3:51:40 PM DisplayManager:Display * c (0 x 0, 0hz)
 2020-06-10 3:51:40 PM DisplayManager:Display * c (0 x 0, 0hz)
 2020-06-10 3:51:40 PM DisplayManager:Display * c (0 x 0, 0hz)
 2020-06-10 3:51:40 PM DisplayManager:Display * c (0 x 0, 0hz)
 2020-06-10 3:51:40 PM DisplayManager:Display * c (0 x 0, 0hz)
 2020-06-10 3:51:40 PM DisplayManager:Display * c (0 x 0, 0hz)
 2020-06-10 3:51:40 PM DisplayManager:Display * c (0 x 0, 0hz)
 2020-06-10 3:51:40 PM DisplayManager:Display * c (0 x 0, 0hz)
 2020-06-10 3:51:40 PM DisplayManager:Display * c (0 x 0, 0hz)
 2020-06-10 3:51:40 PM DisplayManager ERROR: Invalid settings provided
------------------------------------------------------------------------------

 2020-06-10 3:51:40 PM Service Sleeping for 128 seconds
 2020-06-10 3:51:41 PM Bus::Client ERROR: No connection could be made because the target machine actively refused it
 2020-06-10 3:51:41 PM Bus::Client ERROR: Connection lost due to socket error
 2020-06-10 3:52:13 PM Bus::Client ERROR: No connection could be made because the target machine actively refused it

 2020-07-06 9:14:20 AM Service Starting service
 2020-07-06 9:14:20 AM Bus Became bus client

 2020-07-06 9:14:21 AM Middleware::Response Success
 2020-07-06 9:14:21 AM Bus::Client Connection established
 2020-07-06 9:14:21 AM Service Initializing modules

------------------------------------------------------------------------------
----------------------------------AutoLogOut----------------------------------
------------------------------------------------------------------------------
 2020-07-06 9:14:21 AM Client-Info Client Version: 0.11.19
 2020-07-06 9:14:21 AM Client-Info Client OS:      Windows
 2020-07-06 9:14:21 AM Client-Info Server Version: 1.5.8
 2020-07-06 9:14:21 AM Middleware::Response Success
------------------------------------------------------------------------------


------------------------------------------------------------------------------
-----------------------------DefaultPrinterManager----------------------------
------------------------------------------------------------------------------
 2020-07-06 9:14:21 AM Client-Info Client Version: 0.11.19
 2020-07-06 9:14:21 AM Client-Info Client OS:      Windows
 2020-07-06 9:14:21 AM Client-Info Server Version: 1.5.8
 2020-07-06 9:14:21 AM Middleware::Response Success
------------------------------------------------------------------------------


------------------------------------------------------------------------------
--------------------------------DisplayManager--------------------------------
------------------------------------------------------------------------------
 2020-07-06 9:14:21 AM Client-Info Client Version: 0.11.19
 2020-07-06 9:14:21 AM Client-Info Client OS:      Windows
 2020-07-06 9:14:21 AM Client-Info Server Version: 1.5.8
 2020-07-06 9:14:21 AM Middleware::Response Success
 2020-07-06 9:14:21 AM DisplayManager:Display Enumerating displays through API call:
 2020-07-06 9:14:21 AM DisplayManager:Display * c (0 x 0, 0hz)
 2020-07-06 9:14:21 AM DisplayManager:Display * c (0 x 0, 0hz)
 2020-07-06 9:14:21 AM DisplayManager:Display * c (0 x 0, 0hz)
 2020-07-06 9:14:21 AM DisplayManager:Display * c (0 x 0, 0hz)
 2020-07-06 9:14:21 AM DisplayManager:Display * c (0 x 0, 0hz)
 2020-07-06 9:14:21 AM DisplayManager:Display * c (0 x 0, 0hz)
 2020-07-06 9:14:21 AM DisplayManager:Display * c (0 x 0, 0hz)
 2020-07-06 9:14:21 AM DisplayManager:Display * c (0 x 0, 0hz)
 2020-07-06 9:14:21 AM DisplayManager:Display * c (0 x 0, 0hz)
 2020-07-06 9:14:21 AM DisplayManager:Display * c (0 x 0, 0hz)
 2020-07-06 9:14:21 AM DisplayManager:Display * c (0 x 0, 0hz)
 2020-07-06 9:14:21 AM DisplayManager:Display * c (0 x 0, 0hz)
 2020-07-06 9:14:21 AM DisplayManager:Display * c (0 x 0, 0hz)
 2020-07-06 9:14:21 AM DisplayManager:Display * c (0 x 0, 0hz)
 2020-07-06 9:14:21 AM DisplayManager:Display * c (0 x 0, 0hz)
 2020-07-06 9:14:21 AM DisplayManager:Display * c (0 x 0, 0hz)
 2020-07-06 9:14:21 AM DisplayManager:Display * c (0 x 0, 0hz)
 2020-07-06 9:14:21 AM DisplayManager:Display * c (0 x 0, 0hz)
 2020-07-06 9:14:21 AM DisplayManager:Display * c (0 x 0, 0hz)
 2020-07-06 9:14:21 AM DisplayManager:Display * c (0 x 0, 0hz)
 2020-07-06 9:14:21 AM DisplayManager:Display * c (0 x 0, 0hz)
 2020-07-06 9:14:21 AM DisplayManager:Display * c (0 x 0, 0hz)
 2020-07-06 9:14:21 AM DisplayManager:Display * c (0 x 0, 0hz)
 2020-07-06 9:14:21 AM DisplayManager:Display * c (0 x 0, 0hz)
 2020-07-06 9:14:21 AM DisplayManager:Display * c (0 x 0, 0hz)
 2020-07-06 9:14:21 AM DisplayManager:Display * c (0 x 0, 0hz)
 2020-07-06 9:14:21 AM DisplayManager:Display * c (0 x 0, 0hz)
 2020-07-06 9:14:21 AM DisplayManager:Display * c (0 x 0, 0hz)
 2020-07-06 9:14:21 AM DisplayManager:Display * c (0 x 0, 0hz)
 2020-07-06 9:14:21 AM DisplayManager:Display * c (0 x 0, 0hz)
 2020-07-06 9:14:21 AM DisplayManager:Display * c (0 x 0, 0hz)
 2020-07-06 9:14:21 AM DisplayManager:Display * c (0 x 0, 0hz)
 2020-07-06 9:14:21 AM DisplayManager:Display * c (0 x 0, 0hz)
 2020-07-06 9:14:21 AM DisplayManager:Display * c (0 x 0, 0hz)
 2020-07-06 9:14:21 AM DisplayManager:Display * c (0 x 0, 0hz)
 2020-07-06 9:14:21 AM DisplayManager:Display * c (0 x 0, 0hz)
 2020-07-06 9:14:21 AM DisplayManager:Display * c (0 x 0, 0hz)
 2020-07-06 9:14:21 AM DisplayManager:Display * c (0 x 0, 0hz)
 2020-07-06 9:14:21 AM DisplayManager:Display * c (0 x 0, 0hz)
 2020-07-06 9:14:21 AM DisplayManager:Display * c (0 x 0, 0hz)
 2020-07-06 9:14:21 AM DisplayManager:Display * c (0 x 0, 0hz)
 2020-07-06 9:14:21 AM DisplayManager:Display * c (0 x 0, 0hz)
 2020-07-06 9:14:21 AM DisplayManager:Display * c (0 x 0, 0hz)
 2020-07-06 9:14:21 AM DisplayManager:Display * c (0 x 0, 0hz)
 2020-07-06 9:14:21 AM DisplayManager:Display * c (0 x 0, 0hz)
 2020-07-06 9:14:21 AM DisplayManager:Display * c (0 x 0, 0hz)
 2020-07-06 9:14:21 AM DisplayManager:Display * c (0 x 0, 0hz)
 2020-07-06 9:14:21 AM DisplayManager:Display * c (0 x 0, 0hz)
 2020-07-06 9:14:21 AM DisplayManager:Display * c (0 x 0, 0hz)
 2020-07-06 9:14:21 AM DisplayManager:Display * c (0 x 0, 0hz)
 2020-07-06 9:14:21 AM DisplayManager:Display * c (0 x 0, 0hz)
 2020-07-06 9:14:21 AM DisplayManager:Display * c (0 x 0, 0hz)
 2020-07-06 9:14:21 AM DisplayManager:Display * c (0 x 0, 0hz)
 2020-07-06 9:14:21 AM DisplayManager:Display * c (0 x 0, 0hz)
 2020-07-06 9:14:21 AM DisplayManager:Display * c (0 x 0, 0hz)
 2020-07-06 9:14:21 AM DisplayManager:Display * c (0 x 0, 0hz)
 2020-07-06 9:14:21 AM DisplayManager:Display * c (0 x 0, 0hz)
 2020-07-06 9:14:21 AM DisplayManager:Display * c (0 x 0, 0hz)
 2020-07-06 9:14:21 AM DisplayManager:Display * c (0 x 0, 0hz)
 2020-07-06 9:14:21 AM DisplayManager:Display * c (0 x 0, 0hz)
 2020-07-06 9:14:21 AM DisplayManager:Display * c (0 x 0, 0hz)
 2020-07-06 9:14:21 AM DisplayManager:Display * c (0 x 0, 0hz)
 2020-07-06 9:14:21 AM DisplayManager:Display * c (0 x 0, 0hz)
 2020-07-06 9:14:21 AM DisplayManager:Display * c (0 x 0, 0hz)
 2020-07-06 9:14:21 AM DisplayManager:Display * c (0 x 0, 0hz)
 2020-07-06 9:14:21 AM DisplayManager:Display * c (0 x 0, 0hz)
 2020-07-06 9:14:21 AM DisplayManager:Display * c (0 x 0, 0hz)
 2020-07-06 9:14:21 AM DisplayManager:Display * c (0 x 0, 0hz)
 2020-07-06 9:14:21 AM DisplayManager:Display * c (0 x 0, 0hz)
 2020-07-06 9:14:21 AM DisplayManager:Display * c (0 x 0, 0hz)
 2020-07-06 9:14:21 AM DisplayManager:Display * c (0 x 0, 0hz)
 2020-07-06 9:14:21 AM DisplayManager:Display * c (0 x 0, 0hz)
 2020-07-06 9:14:21 AM DisplayManager:Display * c (0 x 0, 0hz)
 2020-07-06 9:14:21 AM DisplayManager:Display * c (0 x 0, 0hz)
 2020-07-06 9:14:21 AM DisplayManager:Display * c (0 x 0, 0hz)
 2020-07-06 9:14:21 AM DisplayManager:Display * c (0 x 0, 0hz)
 2020-07-06 9:14:21 AM DisplayManager:Display * c (0 x 0, 0hz)
 2020-07-06 9:14:21 AM DisplayManager:Display * c (0 x 0, 0hz)
 2020-07-06 9:14:21 AM DisplayManager:Display * c (0 x 0, 0hz)
 2020-07-06 9:14:21 AM DisplayManager:Display * c (0 x 0, 0hz)
 2020-07-06 9:14:21 AM DisplayManager:Display * c (0 x 0, 0hz)
 2020-07-06 9:14:21 AM DisplayManager:Display * c (0 x 0, 0hz)
 2020-07-06 9:14:21 AM DisplayManager:Display * c (0 x 0, 0hz)
 2020-07-06 9:14:21 AM DisplayManager:Display * c (0 x 0, 0hz)
 2020-07-06 9:14:21 AM DisplayManager:Display * c (0 x 0, 0hz)
 2020-07-06 9:14:21 AM DisplayManager:Display * c (0 x 0, 0hz)
 2020-07-06 9:14:21 AM DisplayManager:Display * c (0 x 0, 0hz)
 2020-07-06 9:14:21 AM DisplayManager:Display * c (0 x 0, 0hz)
 2020-07-06 9:14:21 AM DisplayManager:Display * c (0 x 0, 0hz)
 2020-07-06 9:14:21 AM DisplayManager:Display * c (0 x 0, 0hz)
 2020-07-06 9:14:21 AM DisplayManager:Display * c (0 x 0, 0hz)
 2020-07-06 9:14:21 AM DisplayManager:Display * c (0 x 0, 0hz)
 2020-07-06 9:14:21 AM DisplayManager:Display * c (0 x 0, 0hz)
 2020-07-06 9:14:21 AM DisplayManager Loading display settings from registry:
 2020-07-06 9:14:21 AM DisplayManager * Generic PnP Monitor
 2020-07-06 9:14:21 AM DisplayManager:Display Enumerating displays through API call:
 2020-07-06 9:14:21 AM DisplayManager:Display * c (0 x 0, 0hz)
 2020-07-06 9:14:21 AM DisplayManager:Display * c (0 x 0, 0hz)
 2020-07-06 9:14:21 AM DisplayManager:Display * c (0 x 0, 0hz)
 2020-07-06 9:14:21 AM DisplayManager:Display * c (0 x 0, 0hz)
 2020-07-06 9:14:21 AM DisplayManager:Display * c (0 x 0, 0hz)
 2020-07-06 9:14:21 AM DisplayManager:Display * c (0 x 0, 0hz)
 2020-07-06 9:14:21 AM DisplayManager:Display * c (0 x 0, 0hz)
 2020-07-06 9:14:21 AM DisplayManager:Display * c (0 x 0, 0hz)
 2020-07-06 9:14:21 AM DisplayManager:Display * c (0 x 0, 0hz)
 2020-07-06 9:14:21 AM DisplayManager:Display * c (0 x 0, 0hz)
 2020-07-06 9:14:21 AM DisplayManager:Display * c (0 x 0, 0hz)
 2020-07-06 9:14:21 AM DisplayManager:Display * c (0 x 0, 0hz)
 2020-07-06 9:14:21 AM DisplayManager:Display * c (0 x 0, 0hz)
 2020-07-06 9:14:21 AM DisplayManager:Display * c (0 x 0, 0hz)
 2020-07-06 9:14:21 AM DisplayManager:Display * c (0 x 0, 0hz)
 2020-07-06 9:14:21 AM DisplayManager:Display * c (0 x 0, 0hz)
 2020-07-06 9:14:21 AM DisplayManager:Display * c (0 x 0, 0hz)
 2020-07-06 9:14:21 AM DisplayManager:Display * c (0 x 0, 0hz)
 2020-07-06 9:14:21 AM DisplayManager:Display * c (0 x 0, 0hz)
 2020-07-06 9:14:21 AM DisplayManager:Display * c (0 x 0, 0hz)
 2020-07-06 9:14:21 AM DisplayManager:Display * c (0 x 0, 0hz)
 2020-07-06 9:14:21 AM DisplayManager:Display * c (0 x 0, 0hz)
 2020-07-06 9:14:21 AM DisplayManager:Display * c (0 x 0, 0hz)
 2020-07-06 9:14:21 AM DisplayManager:Display * c (0 x 0, 0hz)
 2020-07-06 9:14:21 AM DisplayManager:Display * c (0 x 0, 0hz)
 2020-07-06 9:14:21 AM DisplayManager:Display * c (0 x 0, 0hz)
 2020-07-06 9:14:21 AM DisplayManager:Display * c (0 x 0, 0hz)
 2020-07-06 9:14:21 AM DisplayManager:Display * c (0 x 0, 0hz)
 2020-07-06 9:14:21 AM DisplayManager:Display * c (0 x 0, 0hz)
 2020-07-06 9:14:21 AM DisplayManager:Display * c (0 x 0, 0hz)
 2020-07-06 9:14:21 AM DisplayManager:Display * c (0 x 0, 0hz)
 2020-07-06 9:14:21 AM DisplayManager:Display * c (0 x 0, 0hz)
 2020-07-06 9:14:21 AM DisplayManager:Display * c (0 x 0, 0hz)
 2020-07-06 9:14:21 AM DisplayManager:Display * c (0 x 0, 0hz)
 2020-07-06 9:14:21 AM DisplayManager:Display * c (0 x 0, 0hz)
 2020-07-06 9:14:21 AM DisplayManager:Display * c (0 x 0, 0hz)
 2020-07-06 9:14:21 AM DisplayManager:Display * c (0 x 0, 0hz)
 2020-07-06 9:14:21 AM DisplayManager:Display * c (0 x 0, 0hz)
 2020-07-06 9:14:21 AM DisplayManager:Display * c (0 x 0, 0hz)
 2020-07-06 9:14:21 AM DisplayManager:Display * c (0 x 0, 0hz)
 2020-07-06 9:14:21 AM DisplayManager:Display * c (0 x 0, 0hz)
 2020-07-06 9:14:21 AM DisplayManager:Display * c (0 x 0, 0hz)
 2020-07-06 9:14:21 AM DisplayManager:Display * c (0 x 0, 0hz)
 2020-07-06 9:14:21 AM DisplayManager:Display * c (0 x 0, 0hz)
 2020-07-06 9:14:21 AM DisplayManager:Display * c (0 x 0, 0hz)
 2020-07-06 9:14:21 AM DisplayManager:Display * c (0 x 0, 0hz)
 2020-07-06 9:14:21 AM DisplayManager:Display * c (0 x 0, 0hz)
 2020-07-06 9:14:21 AM DisplayManager:Display * c (0 x 0, 0hz)
 2020-07-06 9:14:21 AM DisplayManager:Display * c (0 x 0, 0hz)
 2020-07-06 9:14:21 AM DisplayManager:Display * c (0 x 0, 0hz)
 2020-07-06 9:14:21 AM DisplayManager:Display * c (0 x 0, 0hz)
 2020-07-06 9:14:21 AM DisplayManager:Display * c (0 x 0, 0hz)
 2020-07-06 9:14:21 AM DisplayManager:Display * c (0 x 0, 0hz)
 2020-07-06 9:14:21 AM DisplayManager:Display * c (0 x 0, 0hz)
 2020-07-06 9:14:21 AM DisplayManager:Display * c (0 x 0, 0hz)
 2020-07-06 9:14:21 AM DisplayManager:Display * c (0 x 0, 0hz)
 2020-07-06 9:14:21 AM DisplayManager:Display * c (0 x 0, 0hz)
 2020-07-06 9:14:21 AM DisplayManager:Display * c (0 x 0, 0hz)
 2020-07-06 9:14:21 AM DisplayManager:Display * c (0 x 0, 0hz)
 2020-07-06 9:14:21 AM DisplayManager:Display * c (0 x 0, 0hz)
 2020-07-06 9:14:21 AM DisplayManager:Display * c (0 x 0, 0hz)
 2020-07-06 9:14:21 AM DisplayManager:Display * c (0 x 0, 0hz)
 2020-07-06 9:14:21 AM DisplayManager:Display * c (0 x 0, 0hz)
 2020-07-06 9:14:21 AM DisplayManager:Display * c (0 x 0, 0hz)
 2020-07-06 9:14:21 AM DisplayManager:Display * c (0 x 0, 0hz)
 2020-07-06 9:14:21 AM DisplayManager:Display * c (0 x 0, 0hz)
 2020-07-06 9:14:21 AM DisplayManager:Display * c (0 x 0, 0hz)
 2020-07-06 9:14:21 AM DisplayManager:Display * c (0 x 0, 0hz)
 2020-07-06 9:14:21 AM DisplayManager:Display * c (0 x 0, 0hz)
 2020-07-06 9:14:21 AM DisplayManager:Display * c (0 x 0, 0hz)
 2020-07-06 9:14:21 AM DisplayManager:Display * c (0 x 0, 0hz)
 2020-07-06 9:14:21 AM DisplayManager:Display * c (0 x 0, 0hz)
 2020-07-06 9:14:21 AM DisplayManager:Display * c (0 x 0, 0hz)
 2020-07-06 9:14:21 AM DisplayManager:Display * c (0 x 0, 0hz)
 2020-07-06 9:14:21 AM DisplayManager:Display * c (0 x 0, 0hz)
 2020-07-06 9:14:21 AM DisplayManager:Display * c (0 x 0, 0hz)
 2020-07-06 9:14:21 AM DisplayManager:Display * c (0 x 0, 0hz)
 2020-07-06 9:14:21 AM DisplayManager:Display * c (0 x 0, 0hz)
 2020-07-06 9:14:21 AM DisplayManager:Display * c (0 x 0, 0hz)
 2020-07-06 9:14:21 AM DisplayManager:Display * c (0 x 0, 0hz)
 2020-07-06 9:14:21 AM DisplayManager:Display * c (0 x 0, 0hz)
 2020-07-06 9:14:21 AM DisplayManager:Display * c (0 x 0, 0hz)
 2020-07-06 9:14:21 AM DisplayManager:Display * c (0 x 0, 0hz)
 2020-07-06 9:14:21 AM DisplayManager:Display * c (0 x 0, 0hz)
 2020-07-06 9:14:21 AM DisplayManager:Display * c (0 x 0, 0hz)
 2020-07-06 9:14:21 AM DisplayManager:Display * c (0 x 0, 0hz)
 2020-07-06 9:14:21 AM DisplayManager:Display * c (0 x 0, 0hz)
 2020-07-06 9:14:21 AM DisplayManager:Display * c (0 x 0, 0hz)
 2020-07-06 9:14:21 AM DisplayManager:Display * c (0 x 0, 0hz)
 2020-07-06 9:14:21 AM DisplayManager:Display * c (0 x 0, 0hz)
 2020-07-06 9:14:21 AM DisplayManager:Display * c (0 x 0, 0hz)
 2020-07-06 9:14:21 AM DisplayManager:Display * c (0 x 0, 0hz)
 2020-07-06 9:14:21 AM DisplayManager:Display * c (0 x 0, 0hz)
 2020-07-06 9:14:21 AM DisplayManager ERROR: Invalid settings provided
------------------------------------------------------------------------------

 2020-07-06 9:14:21 AM Service Sleeping for 121 seconds
 2020-07-06 9:16:22 AM Middleware::Response Success

------------------------------------------------------------------------------
----------------------------------AutoLogOut----------------------------------
------------------------------------------------------------------------------
 2020-07-06 9:16:22 AM Client-Info Client Version: 0.11.19
 2020-07-06 9:16:22 AM Client-Info Client OS:      Windows
 2020-07-06 9:16:22 AM Client-Info Server Version: 1.5.8
 2020-07-06 9:16:22 AM Middleware::Response Success
------------------------------------------------------------------------------


------------------------------------------------------------------------------
-----------------------------DefaultPrinterManager----------------------------
------------------------------------------------------------------------------
 2020-07-06 9:16:22 AM Client-Info Client Version: 0.11.19
 2020-07-06 9:16:22 AM Client-Info Client OS:      Windows
 2020-07-06 9:16:22 AM Client-Info Server Version: 1.5.8
 2020-07-06 9:16:22 AM Middleware::Response Success
------------------------------------------------------------------------------


------------------------------------------------------------------------------
--------------------------------DisplayManager--------------------------------
------------------------------------------------------------------------------
 2020-07-06 9:16:22 AM Client-Info Client Version: 0.11.19
 2020-07-06 9:16:22 AM Client-Info Client OS:      Windows
 2020-07-06 9:16:22 AM Client-Info Server Version: 1.5.8
 2020-07-06 9:16:22 AM Middleware::Response Success
 2020-07-06 9:16:22 AM DisplayManager Loading display settings from registry:
 2020-07-06 9:16:22 AM DisplayManager * Generic PnP Monitor
 2020-07-06 9:16:22 AM DisplayManager:Display Enumerating displays through API call:
 2020-07-06 9:16:22 AM DisplayManager:Display * c (0 x 0, 0hz)
 2020-07-06 9:16:22 AM DisplayManager:Display * c (0 x 0, 0hz)
 2020-07-06 9:16:22 AM DisplayManager:Display * c (0 x 0, 0hz)
 2020-07-06 9:16:22 AM DisplayManager:Display * c (0 x 0, 0hz)
 2020-07-06 9:16:22 AM DisplayManager:Display * c (0 x 0, 0hz)
 2020-07-06 9:16:22 AM DisplayManager:Display * c (0 x 0, 0hz)
 2020-07-06 9:16:22 AM DisplayManager:Display * c (0 x 0, 0hz)
 2020-07-06 9:16:22 AM DisplayManager:Display * c (0 x 0, 0hz)
 2020-07-06 9:16:22 AM DisplayManager:Display * c (0 x 0, 0hz)
 2020-07-06 9:16:22 AM DisplayManager:Display * c (0 x 0, 0hz)
 2020-07-06 9:16:22 AM DisplayManager:Display * c (0 x 0, 0hz)
 2020-07-06 9:16:22 AM DisplayManager:Display * c (0 x 0, 0hz)
 2020-07-06 9:16:22 AM DisplayManager:Display * c (0 x 0, 0hz)
 2020-07-06 9:16:22 AM DisplayManager:Display * c (0 x 0, 0hz)
 2020-07-06 9:16:22 AM DisplayManager:Display * c (0 x 0, 0hz)
 2020-07-06 9:16:22 AM DisplayManager:Display * c (0 x 0, 0hz)
 2020-07-06 9:16:22 AM DisplayManager:Display * c (0 x 0, 0hz)
 2020-07-06 9:16:22 AM DisplayManager:Display * c (0 x 0, 0hz)
 2020-07-06 9:16:22 AM DisplayManager:Display * c (0 x 0, 0hz)
 2020-07-06 9:16:22 AM DisplayManager:Display * c (0 x 0, 0hz)
 2020-07-06 9:16:22 AM DisplayManager:Display * c (0 x 0, 0hz)
 2020-07-06 9:16:22 AM DisplayManager:Display * c (0 x 0, 0hz)
 2020-07-06 9:16:22 AM DisplayManager:Display * c (0 x 0, 0hz)
 2020-07-06 9:16:22 AM DisplayManager:Display * c (0 x 0, 0hz)
 2020-07-06 9:16:22 AM DisplayManager:Display * c (0 x 0, 0hz)
 2020-07-06 9:16:22 AM DisplayManager:Display * c (0 x 0, 0hz)
 2020-07-06 9:16:22 AM DisplayManager:Display * c (0 x 0, 0hz)
 2020-07-06 9:16:22 AM DisplayManager:Display * c (0 x 0, 0hz)
 2020-07-06 9:16:22 AM DisplayManager:Display * c (0 x 0, 0hz)
 2020-07-06 9:16:22 AM DisplayManager:Display * c (0 x 0, 0hz)
 2020-07-06 9:16:22 AM DisplayManager:Display * c (0 x 0, 0hz)
 2020-07-06 9:16:22 AM DisplayManager:Display * c (0 x 0, 0hz)
 2020-07-06 9:16:22 AM DisplayManager:Display * c (0 x 0, 0hz)
 2020-07-06 9:16:22 AM DisplayManager:Display * c (0 x 0, 0hz)
 2020-07-06 9:16:22 AM DisplayManager:Display * c (0 x 0, 0hz)
 2020-07-06 9:16:22 AM DisplayManager:Display * c (0 x 0, 0hz)
 2020-07-06 9:16:22 AM DisplayManager:Display * c (0 x 0, 0hz)
 2020-07-06 9:16:22 AM DisplayManager:Display * c (0 x 0, 0hz)
 2020-07-06 9:16:22 AM DisplayManager:Display * c (0 x 0, 0hz)
 2020-07-06 9:16:22 AM DisplayManager:Display * c (0 x 0, 0hz)
 2020-07-06 9:16:22 AM DisplayManager:Display * c (0 x 0, 0hz)
 2020-07-06 9:16:22 AM DisplayManager:Display * c (0 x 0, 0hz)
 2020-07-06 9:16:22 AM DisplayManager:Display * c (0 x 0, 0hz)
 2020-07-06 9:16:22 AM DisplayManager:Display * c (0 x 0, 0hz)
 2020-07-06 9:16:22 AM DisplayManager:Display * c (0 x 0, 0hz)
 2020-07-06 9:16:22 AM DisplayManager:Display * c (0 x 0, 0hz)
 2020-07-06 9:16:22 AM DisplayManager:Display * c (0 x 0, 0hz)
 2020-07-06 9:16:22 AM DisplayManager:Display * c (0 x 0, 0hz)
 2020-07-06 9:16:22 AM DisplayManager:Display * c (0 x 0, 0hz)
 2020-07-06 9:16:22 AM DisplayManager:Display * c (0 x 0, 0hz)
 2020-07-06 9:16:22 AM DisplayManager:Display * c (0 x 0, 0hz)
 2020-07-06 9:16:22 AM DisplayManager:Display * c (0 x 0, 0hz)
 2020-07-06 9:16:22 AM DisplayManager:Display * c (0 x 0, 0hz)
 2020-07-06 9:16:22 AM DisplayManager:Display * c (0 x 0, 0hz)
 2020-07-06 9:16:22 AM DisplayManager:Display * c (0 x 0, 0hz)
 2020-07-06 9:16:22 AM DisplayManager:Display * c (0 x 0, 0hz)
 2020-07-06 9:16:22 AM DisplayManager:Display * c (0 x 0, 0hz)
 2020-07-06 9:16:22 AM DisplayManager:Display * c (0 x 0, 0hz)
 2020-07-06 9:16:22 AM DisplayManager:Display * c (0 x 0, 0hz)
 2020-07-06 9:16:22 AM DisplayManager:Display * c (0 x 0, 0hz)
 2020-07-06 9:16:22 AM DisplayManager:Display * c (0 x 0, 0hz)
 2020-07-06 9:16:22 AM DisplayManager:Display * c (0 x 0, 0hz)
 2020-07-06 9:16:22 AM DisplayManager:Display * c (0 x 0, 0hz)
 2020-07-06 9:16:22 AM DisplayManager:Display * c (0 x 0, 0hz)
 2020-07-06 9:16:22 AM DisplayManager:Display * c (0 x 0, 0hz)
 2020-07-06 9:16:22 AM DisplayManager:Display * c (0 x 0, 0hz)
 2020-07-06 9:16:22 AM DisplayManager:Display * c (0 x 0, 0hz)
 2020-07-06 9:16:22 AM DisplayManager:Display * c (0 x 0, 0hz)
 2020-07-06 9:16:22 AM DisplayManager:Display * c (0 x 0, 0hz)
 2020-07-06 9:16:22 AM DisplayManager:Display * c (0 x 0, 0hz)
 2020-07-06 9:16:22 AM DisplayManager:Display * c (0 x 0, 0hz)
 2020-07-06 9:16:22 AM DisplayManager:Display * c (0 x 0, 0hz)
 2020-07-06 9:16:22 AM DisplayManager:Display * c (0 x 0, 0hz)
 2020-07-06 9:16:22 AM DisplayManager:Display * c (0 x 0, 0hz)
 2020-07-06 9:16:22 AM DisplayManager:Display * c (0 x 0, 0hz)
 2020-07-06 9:16:22 AM DisplayManager:Display * c (0 x 0, 0hz)
 2020-07-06 9:16:22 AM DisplayManager:Display * c (0 x 0, 0hz)
 2020-07-06 9:16:22 AM DisplayManager:Display * c (0 x 0, 0hz)
 2020-07-06 9:16:22 AM DisplayManager:Display * c (0 x 0, 0hz)
 2020-07-06 9:16:22 AM DisplayManager:Display * c (0 x 0, 0hz)
 2020-07-06 9:16:22 AM DisplayManager:Display * c (0 x 0, 0hz)
 2020-07-06 9:16:22 AM DisplayManager:Display * c (0 x 0, 0hz)
 2020-07-06 9:16:22 AM DisplayManager:Display * c (0 x 0, 0hz)
 2020-07-06 9:16:22 AM DisplayManager:Display * c (0 x 0, 0hz)
 2020-07-06 9:16:22 AM DisplayManager:Display * c (0 x 0, 0hz)
 2020-07-06 9:16:22 AM DisplayManager:Display * c (0 x 0, 0hz)
 2020-07-06 9:16:22 AM DisplayManager:Display * c (0 x 0, 0hz)
 2020-07-06 9:16:22 AM DisplayManager:Display * c (0 x 0, 0hz)
 2020-07-06 9:16:22 AM DisplayManager:Display * c (0 x 0, 0hz)
 2020-07-06 9:16:22 AM DisplayManager:Display * c (0 x 0, 0hz)
 2020-07-06 9:16:22 AM DisplayManager:Display * c (0 x 0, 0hz)
 2020-07-06 9:16:22 AM DisplayManager:Display * c (0 x 0, 0hz)
 2020-07-06 9:16:22 AM DisplayManager:Display * c (0 x 0, 0hz)
 2020-07-06 9:16:22 AM DisplayManager ERROR: Invalid settings provided
------------------------------------------------------------------------------

 2020-07-06 9:16:22 AM Service Sleeping for 145 seconds
 2020-07-06 9:18:47 AM Middleware::Response Success

------------------------------------------------------------------------------
----------------------------------AutoLogOut----------------------------------
------------------------------------------------------------------------------
 2020-07-06 9:18:47 AM Client-Info Client Version: 0.11.19
 2020-07-06 9:18:47 AM Client-Info Client OS:      Windows
 2020-07-06 9:18:47 AM Client-Info Server Version: 1.5.8
 2020-07-06 9:18:47 AM Middleware::Response Success
------------------------------------------------------------------------------


------------------------------------------------------------------------------
-----------------------------DefaultPrinterManager----------------------------
------------------------------------------------------------------------------
 2020-07-06 9:18:47 AM Client-Info Client Version: 0.11.19
 2020-07-06 9:18:47 AM Client-Info Client OS:      Windows
 2020-07-06 9:18:47 AM Client-Info Server Version: 1.5.8
 2020-07-06 9:18:47 AM Middleware::Response Success
------------------------------------------------------------------------------


------------------------------------------------------------------------------
--------------------------------DisplayManager--------------------------------
------------------------------------------------------------------------------
 2020-07-06 9:18:47 AM Client-Info Client Version: 0.11.19
 2020-07-06 9:18:47 AM Client-Info Client OS:      Windows
 2020-07-06 9:18:47 AM Client-Info Server Version: 1.5.8
 2020-07-06 9:18:47 AM Middleware::Response Success
 2020-07-06 9:18:47 AM DisplayManager Loading display settings from registry:
 2020-07-06 9:18:47 AM DisplayManager * Generic PnP Monitor
 2020-07-06 9:18:47 AM DisplayManager:Display Enumerating displays through API call:
 2020-07-06 9:18:47 AM DisplayManager:Display * c (0 x 0, 0hz)
 2020-07-06 9:18:47 AM DisplayManager:Display * c (0 x 0, 0hz)
 2020-07-06 9:18:47 AM DisplayManager:Display * c (0 x 0, 0hz)
 2020-07-06 9:18:47 AM DisplayManager:Display * c (0 x 0, 0hz)
 2020-07-06 9:18:47 AM DisplayManager:Display * c (0 x 0, 0hz)
 2020-07-06 9:18:47 AM DisplayManager:Display * c (0 x 0, 0hz)
 2020-07-06 9:18:47 AM DisplayManager:Display * c (0 x 0, 0hz)
 2020-07-06 9:18:47 AM DisplayManager:Display * c (0 x 0, 0hz)
 2020-07-06 9:18:47 AM DisplayManager:Display * c (0 x 0, 0hz)
 2020-07-06 9:18:47 AM DisplayManager:Display * c (0 x 0, 0hz)
 2020-07-06 9:18:47 AM DisplayManager:Display * c (0 x 0, 0hz)
 2020-07-06 9:18:47 AM DisplayManager:Display * c (0 x 0, 0hz)
 2020-07-06 9:18:47 AM DisplayManager:Display * c (0 x 0, 0hz)
 2020-07-06 9:18:47 AM DisplayManager:Display * c (0 x 0, 0hz)
 2020-07-06 9:18:47 AM DisplayManager:Display * c (0 x 0, 0hz)
 2020-07-06 9:18:47 AM DisplayManager:Display * c (0 x 0, 0hz)
 2020-07-06 9:18:47 AM DisplayManager:Display * c (0 x 0, 0hz)
 2020-07-06 9:18:47 AM DisplayManager:Display * c (0 x 0, 0hz)
 2020-07-06 9:18:47 AM DisplayManager:Display * c (0 x 0, 0hz)
 2020-07-06 9:18:47 AM DisplayManager:Display * c (0 x 0, 0hz)
 2020-07-06 9:18:47 AM DisplayManager:Display * c (0 x 0, 0hz)
 2020-07-06 9:18:47 AM DisplayManager:Display * c (0 x 0, 0hz)
 2020-07-06 9:18:47 AM DisplayManager:Display * c (0 x 0, 0hz)
 2020-07-06 9:18:47 AM DisplayManager:Display * c (0 x 0, 0hz)
 2020-07-06 9:18:47 AM DisplayManager:Display * c (0 x 0, 0hz)
 2020-07-06 9:18:47 AM DisplayManager:Display * c (0 x 0, 0hz)
 2020-07-06 9:18:47 AM DisplayManager:Display * c (0 x 0, 0hz)
 2020-07-06 9:18:47 AM DisplayManager:Display * c (0 x 0, 0hz)
 2020-07-06 9:18:47 AM DisplayManager:Display * c (0 x 0, 0hz)
 2020-07-06 9:18:47 AM DisplayManager:Display * c (0 x 0, 0hz)
 2020-07-06 9:18:47 AM DisplayManager:Display * c (0 x 0, 0hz)
 2020-07-06 9:18:47 AM DisplayManager:Display * c (0 x 0, 0hz)
 2020-07-06 9:18:47 AM DisplayManager:Display * c (0 x 0, 0hz)
 2020-07-06 9:18:47 AM DisplayManager:Display * c (0 x 0, 0hz)
 2020-07-06 9:18:47 AM DisplayManager:Display * c (0 x 0, 0hz)
 2020-07-06 9:18:47 AM DisplayManager:Display * c (0 x 0, 0hz)
 2020-07-06 9:18:47 AM DisplayManager:Display * c (0 x 0, 0hz)
 2020-07-06 9:18:47 AM DisplayManager:Display * c (0 x 0, 0hz)
 2020-07-06 9:18:47 AM DisplayManager:Display * c (0 x 0, 0hz)
 2020-07-06 9:18:47 AM DisplayManager:Display * c (0 x 0, 0hz)
 2020-07-06 9:18:47 AM DisplayManager:Display * c (0 x 0, 0hz)
 2020-07-06 9:18:47 AM DisplayManager:Display * c (0 x 0, 0hz)
 2020-07-06 9:18:47 AM DisplayManager:Display * c (0 x 0, 0hz)
 2020-07-06 9:18:47 AM DisplayManager:Display * c (0 x 0, 0hz)
 2020-07-06 9:18:47 AM DisplayManager:Display * c (0 x 0, 0hz)
 2020-07-06 9:18:47 AM DisplayManager:Display * c (0 x 0, 0hz)
 2020-07-06 9:18:47 AM DisplayManager:Display * c (0 x 0, 0hz)
 2020-07-06 9:18:47 AM DisplayManager:Display * c (0 x 0, 0hz)
 2020-07-06 9:18:47 AM DisplayManager:Display * c (0 x 0, 0hz)
 2020-07-06 9:18:47 AM DisplayManager:Display * c (0 x 0, 0hz)
 2020-07-06 9:18:47 AM DisplayManager:Display * c (0 x 0, 0hz)
 2020-07-06 9:18:47 AM DisplayManager:Display * c (0 x 0, 0hz)
 2020-07-06 9:18:47 AM DisplayManager:Display * c (0 x 0, 0hz)
 2020-07-06 9:18:47 AM DisplayManager:Display * c (0 x 0, 0hz)
 2020-07-06 9:18:47 AM DisplayManager:Display * c (0 x 0, 0hz)
 2020-07-06 9:18:47 AM DisplayManager:Display * c (0 x 0, 0hz)
 2020-07-06 9:18:47 AM DisplayManager:Display * c (0 x 0, 0hz)
 2020-07-06 9:18:47 AM DisplayManager:Display * c (0 x 0, 0hz)
 2020-07-06 9:18:47 AM DisplayManager:Display * c (0 x 0, 0hz)
 2020-07-06 9:18:47 AM DisplayManager:Display * c (0 x 0, 0hz)
 2020-07-06 9:18:47 AM DisplayManager:Display * c (0 x 0, 0hz)
 2020-07-06 9:18:47 AM DisplayManager:Display * c (0 x 0, 0hz)
 2020-07-06 9:18:47 AM DisplayManager:Display * c (0 x 0, 0hz)
 2020-07-06 9:18:47 AM DisplayManager:Display * c (0 x 0, 0hz)
 2020-07-06 9:18:47 AM DisplayManager:Display * c (0 x 0, 0hz)
 2020-07-06 9:18:47 AM DisplayManager:Display * c (0 x 0, 0hz)
 2020-07-06 9:18:47 AM DisplayManager:Display * c (0 x 0, 0hz)
 2020-07-06 9:18:47 AM DisplayManager:Display * c (0 x 0, 0hz)
 2020-07-06 9:18:47 AM DisplayManager:Display * c (0 x 0, 0hz)
 2020-07-06 9:18:47 AM DisplayManager:Display * c (0 x 0, 0hz)
 2020-07-06 9:18:47 AM DisplayManager:Display * c (0 x 0, 0hz)
 2020-07-06 9:18:47 AM DisplayManager:Display * c (0 x 0, 0hz)
 2020-07-06 9:18:47 AM DisplayManager:Display * c (0 x 0, 0hz)
 2020-07-06 9:18:47 AM DisplayManager:Display * c (0 x 0, 0hz)
 2020-07-06 9:18:47 AM DisplayManager:Display * c (0 x 0, 0hz)
 2020-07-06 9:18:47 AM DisplayManager:Display * c (0 x 0, 0hz)
 2020-07-06 9:18:47 AM DisplayManager:Display * c (0 x 0, 0hz)
 2020-07-06 9:18:47 AM DisplayManager:Display * c (0 x 0, 0hz)
 2020-07-06 9:18:47 AM DisplayManager:Display * c (0 x 0, 0hz)
 2020-07-06 9:18:47 AM DisplayManager:Display * c (0 x 0, 0hz)
 2020-07-06 9:18:47 AM DisplayManager:Display * c (0 x 0, 0hz)
 2020-07-06 9:18:47 AM DisplayManager:Display * c (0 x 0, 0hz)
 2020-07-06 9:18:47 AM DisplayManager:Display * c (0 x 0, 0hz)
 2020-07-06 9:18:47 AM DisplayManager:Display * c (0 x 0, 0hz)
 2020-07-06 9:18:47 AM DisplayManager:Display * c (0 x 0, 0hz)
 2020-07-06 9:18:47 AM DisplayManager:Display * c (0 x 0, 0hz)
 2020-07-06 9:18:47 AM DisplayManager:Display * c (0 x 0, 0hz)
 2020-07-06 9:18:47 AM DisplayManager:Display * c (0 x 0, 0hz)
 2020-07-06 9:18:47 AM DisplayManager:Display * c (0 x 0, 0hz)
 2020-07-06 9:18:47 AM DisplayManager:Display * c (0 x 0, 0hz)
 2020-07-06 9:18:47 AM DisplayManager:Display * c (0 x 0, 0hz)
 2020-07-06 9:18:47 AM DisplayManager:Display * c (0 x 0, 0hz)
 2020-07-06 9:18:47 AM DisplayManager:Display * c (0 x 0, 0hz)
 2020-07-06 9:18:47 AM DisplayManager ERROR: Invalid settings provided
------------------------------------------------------------------------------

 2020-07-06 9:18:47 AM Service Sleeping for 109 seconds
 2020-07-06 9:20:37 AM Middleware::Response Success

------------------------------------------------------------------------------
----------------------------------AutoLogOut----------------------------------
------------------------------------------------------------------------------
 2020-07-06 9:20:37 AM Client-Info Client Version: 0.11.19
 2020-07-06 9:20:37 AM Client-Info Client OS:      Windows
 2020-07-06 9:20:37 AM Client-Info Server Version: 1.5.8
 2020-07-06 9:20:37 AM Middleware::Response Success
------------------------------------------------------------------------------


------------------------------------------------------------------------------
-----------------------------DefaultPrinterManager----------------------------
------------------------------------------------------------------------------
 2020-07-06 9:20:37 AM Client-Info Client Version: 0.11.19
 2020-07-06 9:20:37 AM Client-Info Client OS:      Windows
 2020-07-06 9:20:37 AM Client-Info Server Version: 1.5.8
 2020-07-06 9:20:37 AM Middleware::Response Success
------------------------------------------------------------------------------


------------------------------------------------------------------------------
--------------------------------DisplayManager--------------------------------
------------------------------------------------------------------------------
 2020-07-06 9:20:37 AM Client-Info Client Version: 0.11.19
 2020-07-06 9:20:37 AM Client-Info Client OS:      Windows
 2020-07-06 9:20:37 AM Client-Info Server Version: 1.5.8
 2020-07-06 9:20:37 AM Middleware::Response Success
 2020-07-06 9:20:37 AM DisplayManager Loading display settings from registry:
 2020-07-06 9:20:37 AM DisplayManager * Generic PnP Monitor
 2020-07-06 9:20:37 AM DisplayManager:Display Enumerating displays through API call:
 2020-07-06 9:20:37 AM DisplayManager:Display * c (0 x 0, 0hz)
 2020-07-06 9:20:37 AM DisplayManager:Display * c (0 x 0, 0hz)
 2020-07-06 9:20:37 AM DisplayManager:Display * c (0 x 0, 0hz)
 2020-07-06 9:20:37 AM DisplayManager:Display * c (0 x 0, 0hz)
 2020-07-06 9:20:37 AM DisplayManager:Display * c (0 x 0, 0hz)
 2020-07-06 9:20:37 AM DisplayManager:Display * c (0 x 0, 0hz)
 2020-07-06 9:20:37 AM DisplayManager:Display * c (0 x 0, 0hz)
 2020-07-06 9:20:37 AM DisplayManager:Display * c (0 x 0, 0hz)
 2020-07-06 9:20:37 AM DisplayManager:Display * c (0 x 0, 0hz)
 2020-07-06 9:20:37 AM DisplayManager:Display * c (0 x 0, 0hz)
 2020-07-06 9:20:37 AM DisplayManager:Display * c (0 x 0, 0hz)
 2020-07-06 9:20:37 AM DisplayManager:Display * c (0 x 0, 0hz)
 2020-07-06 9:20:37 AM DisplayManager:Display * c (0 x 0, 0hz)
 2020-07-06 9:20:37 AM DisplayManager:Display * c (0 x 0, 0hz)
 2020-07-06 9:20:37 AM DisplayManager:Display * c (0 x 0, 0hz)
 2020-07-06 9:20:37 AM DisplayManager:Display * c (0 x 0, 0hz)
 2020-07-06 9:20:37 AM DisplayManager:Display * c (0 x 0, 0hz)
 2020-07-06 9:20:37 AM DisplayManager:Display * c (0 x 0, 0hz)
 2020-07-06 9:20:37 AM DisplayManager:Display * c (0 x 0, 0hz)
 2020-07-06 9:20:37 AM DisplayManager:Display * c (0 x 0, 0hz)
 2020-07-06 9:20:37 AM DisplayManager:Display * c (0 x 0, 0hz)
 2020-07-06 9:20:37 AM DisplayManager:Display * c (0 x 0, 0hz)
 2020-07-06 9:20:37 AM DisplayManager:Display * c (0 x 0, 0hz)
 2020-07-06 9:20:37 AM DisplayManager:Display * c (0 x 0, 0hz)
 2020-07-06 9:20:37 AM DisplayManager:Display * c (0 x 0, 0hz)
 2020-07-06 9:20:37 AM DisplayManager:Display * c (0 x 0, 0hz)
 2020-07-06 9:20:37 AM DisplayManager:Display * c (0 x 0, 0hz)
 2020-07-06 9:20:37 AM DisplayManager:Display * c (0 x 0, 0hz)
 2020-07-06 9:20:37 AM DisplayManager:Display * c (0 x 0, 0hz)
 2020-07-06 9:20:37 AM DisplayManager:Display * c (0 x 0, 0hz)
 2020-07-06 9:20:37 AM DisplayManager:Display * c (0 x 0, 0hz)
 2020-07-06 9:20:37 AM DisplayManager:Display * c (0 x 0, 0hz)
 2020-07-06 9:20:37 AM DisplayManager:Display * c (0 x 0, 0hz)
 2020-07-06 9:20:37 AM DisplayManager:Display * c (0 x 0, 0hz)
 2020-07-06 9:20:37 AM DisplayManager:Display * c (0 x 0, 0hz)
 2020-07-06 9:20:37 AM DisplayManager:Display * c (0 x 0, 0hz)
 2020-07-06 9:20:37 AM DisplayManager:Display * c (0 x 0, 0hz)
 2020-07-06 9:20:37 AM DisplayManager:Display * c (0 x 0, 0hz)
 2020-07-06 9:20:37 AM DisplayManager:Display * c (0 x 0, 0hz)
 2020-07-06 9:20:37 AM DisplayManager:Display * c (0 x 0, 0hz)
 2020-07-06 9:20:37 AM DisplayManager:Display * c (0 x 0, 0hz)
 2020-07-06 9:20:37 AM DisplayManager:Display * c (0 x 0, 0hz)
 2020-07-06 9:20:37 AM DisplayManager:Display * c (0 x 0, 0hz)
 2020-07-06 9:20:37 AM DisplayManager:Display * c (0 x 0, 0hz)
 2020-07-06 9:20:37 AM DisplayManager:Display * c (0 x 0, 0hz)
 2020-07-06 9:20:37 AM DisplayManager:Display * c (0 x 0, 0hz)
 2020-07-06 9:20:37 AM DisplayManager:Display * c (0 x 0, 0hz)
 2020-07-06 9:20:37 AM DisplayManager:Display * c (0 x 0, 0hz)
 2020-07-06 9:20:37 AM DisplayManager:Display * c (0 x 0, 0hz)
 2020-07-06 9:20:37 AM DisplayManager:Display * c (0 x 0, 0hz)
 2020-07-06 9:20:37 AM DisplayManager:Display * c (0 x 0, 0hz)
 2020-07-06 9:20:37 AM DisplayManager:Display * c (0 x 0, 0hz)
 2020-07-06 9:20:37 AM DisplayManager:Display * c (0 x 0, 0hz)
 2020-07-06 9:20:37 AM DisplayManager:Display * c (0 x 0, 0hz)
 2020-07-06 9:20:37 AM DisplayManager:Display * c (0 x 0, 0hz)
 2020-07-06 9:20:37 AM DisplayManager:Display * c (0 x 0, 0hz)
 2020-07-06 9:20:37 AM DisplayManager:Display * c (0 x 0, 0hz)
 2020-07-06 9:20:37 AM DisplayManager:Display * c (0 x 0, 0hz)
 2020-07-06 9:20:37 AM DisplayManager:Display * c (0 x 0, 0hz)
 2020-07-06 9:20:37 AM DisplayManager:Display * c (0 x 0, 0hz)
 2020-07-06 9:20:37 AM DisplayManager:Display * c (0 x 0, 0hz)
 2020-07-06 9:20:37 AM DisplayManager:Display * c (0 x 0, 0hz)
 2020-07-06 9:20:37 AM DisplayManager:Display * c (0 x 0, 0hz)
 2020-07-06 9:20:37 AM DisplayManager:Display * c (0 x 0, 0hz)
 2020-07-06 9:20:37 AM DisplayManager:Display * c (0 x 0, 0hz)
 2020-07-06 9:20:37 AM DisplayManager:Display * c (0 x 0, 0hz)
 2020-07-06 9:20:37 AM DisplayManager:Display * c (0 x 0, 0hz)
 2020-07-06 9:20:37 AM DisplayManager:Display * c (0 x 0, 0hz)
 2020-07-06 9:20:37 AM DisplayManager:Display * c (0 x 0, 0hz)
 2020-07-06 9:20:37 AM DisplayManager:Display * c (0 x 0, 0hz)
 2020-07-06 9:20:37 AM DisplayManager:Display * c (0 x 0, 0hz)
 2020-07-06 9:20:37 AM DisplayManager:Display * c (0 x 0, 0hz)
 2020-07-06 9:20:37 AM DisplayManager:Display * c (0 x 0, 0hz)
 2020-07-06 9:20:37 AM DisplayManager:Display * c (0 x 0, 0hz)
 2020-07-06 9:20:37 AM DisplayManager:Display * c (0 x 0, 0hz)
 2020-07-06 9:20:37 AM DisplayManager:Display * c (0 x 0, 0hz)
 2020-07-06 9:20:37 AM DisplayManager:Display * c (0 x 0, 0hz)
 2020-07-06 9:20:37 AM DisplayManager:Display * c (0 x 0, 0hz)
 2020-07-06 9:20:37 AM DisplayManager:Display * c (0 x 0, 0hz)
 2020-07-06 9:20:37 AM DisplayManager:Display * c (0 x 0, 0hz)
 2020-07-06 9:20:37 AM DisplayManager:Display * c (0 x 0, 0hz)
 2020-07-06 9:20:37 AM DisplayManager:Display * c (0 x 0, 0hz)
 2020-07-06 9:20:37 AM DisplayManager:Display * c (0 x 0, 0hz)
 2020-07-06 9:20:37 AM DisplayManager:Display * c (0 x 0, 0hz)
 2020-07-06 9:20:37 AM DisplayManager:Display * c (0 x 0, 0hz)
 2020-07-06 9:20:37 AM DisplayManager:Display * c (0 x 0, 0hz)
 2020-07-06 9:20:37 AM DisplayManager:Display * c (0 x 0, 0hz)
 2020-07-06 9:20:37 AM DisplayManager:Display * c (0 x 0, 0hz)
 2020-07-06 9:20:37 AM DisplayManager:Display * c (0 x 0, 0hz)
 2020-07-06 9:20:37 AM DisplayManager:Display * c (0 x 0, 0hz)
 2020-07-06 9:20:37 AM DisplayManager:Display * c (0 x 0, 0hz)
 2020-07-06 9:20:37 AM DisplayManager:Display * c (0 x 0, 0hz)
 2020-07-06 9:20:37 AM DisplayManager:Display * c (0 x 0, 0hz)
 2020-07-06 9:20:37 AM DisplayManager ERROR: Invalid settings provided
------------------------------------------------------------------------------

 2020-07-06 9:20:37 AM Service Sleeping for 148 seconds
 2020-07-06 9:23:05 AM Middleware::Response Success

------------------------------------------------------------------------------
----------------------------------AutoLogOut----------------------------------
------------------------------------------------------------------------------
 2020-07-06 9:23:05 AM Client-Info Client Version: 0.11.19
 2020-07-06 9:23:05 AM Client-Info Client OS:      Windows
 2020-07-06 9:23:05 AM Client-Info Server Version: 1.5.8
 2020-07-06 9:23:05 AM Middleware::Response Success
------------------------------------------------------------------------------


------------------------------------------------------------------------------
-----------------------------DefaultPrinterManager----------------------------
------------------------------------------------------------------------------
 2020-07-06 9:23:05 AM Client-Info Client Version: 0.11.19
 2020-07-06 9:23:05 AM Client-Info Client OS:      Windows
 2020-07-06 9:23:05 AM Client-Info Server Version: 1.5.8
 2020-07-06 9:23:05 AM Middleware::Response Success
------------------------------------------------------------------------------


------------------------------------------------------------------------------
--------------------------------DisplayManager--------------------------------
------------------------------------------------------------------------------
 2020-07-06 9:23:05 AM Client-Info Client Version: 0.11.19
 2020-07-06 9:23:05 AM Client-Info Client OS:      Windows
 2020-07-06 9:23:05 AM Client-Info Server Version: 1.5.8
 2020-07-06 9:23:05 AM Middleware::Response Success
 2020-07-06 9:23:05 AM DisplayManager Loading display settings from registry:
 2020-07-06 9:23:05 AM DisplayManager * Generic PnP Monitor
 2020-07-06 9:23:05 AM DisplayManager:Display Enumerating displays through API call:
 2020-07-06 9:23:05 AM DisplayManager:Display * c (0 x 0, 0hz)
 2020-07-06 9:23:05 AM DisplayManager:Display * c (0 x 0, 0hz)
 2020-07-06 9:23:05 AM DisplayManager:Display * c (0 x 0, 0hz)
 2020-07-06 9:23:05 AM DisplayManager:Display * c (0 x 0, 0hz)
 2020-07-06 9:23:05 AM DisplayManager:Display * c (0 x 0, 0hz)
 2020-07-06 9:23:05 AM DisplayManager:Display * c (0 x 0, 0hz)
 2020-07-06 9:23:05 AM DisplayManager:Display * c (0 x 0, 0hz)
 2020-07-06 9:23:05 AM DisplayManager:Display * c (0 x 0, 0hz)
 2020-07-06 9:23:05 AM DisplayManager:Display * c (0 x 0, 0hz)
 2020-07-06 9:23:05 AM DisplayManager:Display * c (0 x 0, 0hz)
 2020-07-06 9:23:05 AM DisplayManager:Display * c (0 x 0, 0hz)
 2020-07-06 9:23:05 AM DisplayManager:Display * c (0 x 0, 0hz)
 2020-07-06 9:23:05 AM DisplayManager:Display * c (0 x 0, 0hz)
 2020-07-06 9:23:05 AM DisplayManager:Display * c (0 x 0, 0hz)
 2020-07-06 9:23:05 AM DisplayManager:Display * c (0 x 0, 0hz)
 2020-07-06 9:23:05 AM DisplayManager:Display * c (0 x 0, 0hz)
 2020-07-06 9:23:05 AM DisplayManager:Display * c (0 x 0, 0hz)
 2020-07-06 9:23:05 AM DisplayManager:Display * c (0 x 0, 0hz)
 2020-07-06 9:23:05 AM DisplayManager:Display * c (0 x 0, 0hz)
 2020-07-06 9:23:05 AM DisplayManager:Display * c (0 x 0, 0hz)
 2020-07-06 9:23:05 AM DisplayManager:Display * c (0 x 0, 0hz)
 2020-07-06 9:23:05 AM DisplayManager:Display * c (0 x 0, 0hz)
 2020-07-06 9:23:05 AM DisplayManager:Display * c (0 x 0, 0hz)
 2020-07-06 9:23:05 AM DisplayManager:Display * c (0 x 0, 0hz)
 2020-07-06 9:23:05 AM DisplayManager:Display * c (0 x 0, 0hz)
 2020-07-06 9:23:05 AM DisplayManager:Display * c (0 x 0, 0hz)
 2020-07-06 9:23:05 AM DisplayManager:Display * c (0 x 0, 0hz)
 2020-07-06 9:23:05 AM DisplayManager:Display * c (0 x 0, 0hz)
 2020-07-06 9:23:05 AM DisplayManager:Display * c (0 x 0, 0hz)
 2020-07-06 9:23:05 AM DisplayManager:Display * c (0 x 0, 0hz)
 2020-07-06 9:23:05 AM DisplayManager:Display * c (0 x 0, 0hz)
 2020-07-06 9:23:05 AM DisplayManager:Display * c (0 x 0, 0hz)
 2020-07-06 9:23:05 AM DisplayManager:Display * c (0 x 0, 0hz)
 2020-07-06 9:23:05 AM DisplayManager:Display * c (0 x 0, 0hz)
 2020-07-06 9:23:05 AM DisplayManager:Display * c (0 x 0, 0hz)
 2020-07-06 9:23:05 AM DisplayManager:Display * c (0 x 0, 0hz)
 2020-07-06 9:23:05 AM DisplayManager:Display * c (0 x 0, 0hz)
 2020-07-06 9:23:05 AM DisplayManager:Display * c (0 x 0, 0hz)
 2020-07-06 9:23:05 AM DisplayManager:Display * c (0 x 0, 0hz)
 2020-07-06 9:23:05 AM DisplayManager:Display * c (0 x 0, 0hz)
 2020-07-06 9:23:05 AM DisplayManager:Display * c (0 x 0, 0hz)
 2020-07-06 9:23:05 AM DisplayManager:Display * c (0 x 0, 0hz)
 2020-07-06 9:23:05 AM DisplayManager:Display * c (0 x 0, 0hz)
 2020-07-06 9:23:05 AM DisplayManager:Display * c (0 x 0, 0hz)
 2020-07-06 9:23:05 AM DisplayManager:Display * c (0 x 0, 0hz)
 2020-07-06 9:23:05 AM DisplayManager:Display * c (0 x 0, 0hz)
 2020-07-06 9:23:05 AM DisplayManager:Display * c (0 x 0, 0hz)
 2020-07-06 9:23:05 AM DisplayManager:Display * c (0 x 0, 0hz)
 2020-07-06 9:23:05 AM DisplayManager:Display * c (0 x 0, 0hz)
 2020-07-06 9:23:05 AM DisplayManager:Display * c (0 x 0, 0hz)
 2020-07-06 9:23:05 AM DisplayManager:Display * c (0 x 0, 0hz)
 2020-07-06 9:23:05 AM DisplayManager:Display * c (0 x 0, 0hz)
 2020-07-06 9:23:05 AM DisplayManager:Display * c (0 x 0, 0hz)
 2020-07-06 9:23:05 AM DisplayManager:Display * c (0 x 0, 0hz)
 2020-07-06 9:23:05 AM DisplayManager:Display * c (0 x 0, 0hz)
 2020-07-06 9:23:05 AM DisplayManager:Display * c (0 x 0, 0hz)
 2020-07-06 9:23:05 AM DisplayManager:Display * c (0 x 0, 0hz)
 2020-07-06 9:23:05 AM DisplayManager:Display * c (0 x 0, 0hz)
 2020-07-06 9:23:05 AM DisplayManager:Display * c (0 x 0, 0hz)
 2020-07-06 9:23:05 AM DisplayManager:Display * c (0 x 0, 0hz)
 2020-07-06 9:23:05 AM DisplayManager:Display * c (0 x 0, 0hz)
 2020-07-06 9:23:05 AM DisplayManager:Display * c (0 x 0, 0hz)
 2020-07-06 9:23:05 AM DisplayManager:Display * c (0 x 0, 0hz)
 2020-07-06 9:23:05 AM DisplayManager:Display * c (0 x 0, 0hz)
 2020-07-06 9:23:05 AM DisplayManager:Display * c (0 x 0, 0hz)
 2020-07-06 9:23:05 AM DisplayManager:Display * c (0 x 0, 0hz)
 2020-07-06 9:23:05 AM DisplayManager:Display * c (0 x 0, 0hz)
 2020-07-06 9:23:05 AM DisplayManager:Display * c (0 x 0, 0hz)
 2020-07-06 9:23:05 AM DisplayManager:Display * c (0 x 0, 0hz)
 2020-07-06 9:23:05 AM DisplayManager:Display * c (0 x 0, 0hz)
 2020-07-06 9:23:05 AM DisplayManager:Display * c (0 x 0, 0hz)
 2020-07-06 9:23:05 AM DisplayManager:Display * c (0 x 0, 0hz)
 2020-07-06 9:23:05 AM DisplayManager:Display * c (0 x 0, 0hz)
 2020-07-06 9:23:05 AM DisplayManager:Display * c (0 x 0, 0hz)
 2020-07-06 9:23:05 AM DisplayManager:Display * c (0 x 0, 0hz)
 2020-07-06 9:23:05 AM DisplayManager:Display * c (0 x 0, 0hz)
 2020-07-06 9:23:05 AM DisplayManager:Display * c (0 x 0, 0hz)
 2020-07-06 9:23:05 AM DisplayManager:Display * c (0 x 0, 0hz)
 2020-07-06 9:23:05 AM DisplayManager:Display * c (0 x 0, 0hz)
 2020-07-06 9:23:05 AM DisplayManager:Display * c (0 x 0, 0hz)
 2020-07-06 9:23:05 AM DisplayManager:Display * c (0 x 0, 0hz)
 2020-07-06 9:23:05 AM DisplayManager:Display * c (0 x 0, 0hz)
 2020-07-06 9:23:05 AM DisplayManager:Display * c (0 x 0, 0hz)
 2020-07-06 9:23:05 AM DisplayManager:Display * c (0 x 0, 0hz)
 2020-07-06 9:23:05 AM DisplayManager:Display * c (0 x 0, 0hz)
 2020-07-06 9:23:05 AM DisplayManager:Display * c (0 x 0, 0hz)
 2020-07-06 9:23:05 AM DisplayManager:Display * c (0 x 0, 0hz)
 2020-07-06 9:23:05 AM DisplayManager:Display * c (0 x 0, 0hz)
 2020-07-06 9:23:05 AM DisplayManager:Display * c (0 x 0, 0hz)
 2020-07-06 9:23:05 AM DisplayManager:Display * c (0 x 0, 0hz)
 2020-07-06 9:23:05 AM DisplayManager:Display * c (0 x 0, 0hz)
 2020-07-06 9:23:05 AM DisplayManager:Display * c (0 x 0, 0hz)
 2020-07-06 9:23:05 AM DisplayManager:Display * c (0 x 0, 0hz)
 2020-07-06 9:23:05 AM DisplayManager ERROR: Invalid settings provided
------------------------------------------------------------------------------

 2020-07-06 9:23:05 AM Service Sleeping for 87 seconds
 2020-07-06 9:24:32 AM Middleware::Response Success

------------------------------------------------------------------------------
----------------------------------AutoLogOut----------------------------------
------------------------------------------------------------------------------
 2020-07-06 9:24:32 AM Client-Info Client Version: 0.11.19
 2020-07-06 9:24:32 AM Client-Info Client OS:      Windows
 2020-07-06 9:24:32 AM Client-Info Server Version: 1.5.8
 2020-07-06 9:24:32 AM Middleware::Response Success
------------------------------------------------------------------------------


------------------------------------------------------------------------------
-----------------------------DefaultPrinterManager----------------------------
------------------------------------------------------------------------------
 2020-07-06 9:24:32 AM Client-Info Client Version: 0.11.19
 2020-07-06 9:24:32 AM Client-Info Client OS:      Windows
 2020-07-06 9:24:32 AM Client-Info Server Version: 1.5.8
 2020-07-06 9:24:32 AM Middleware::Response Success
------------------------------------------------------------------------------


------------------------------------------------------------------------------
--------------------------------DisplayManager--------------------------------
------------------------------------------------------------------------------
 2020-07-06 9:24:32 AM Client-Info Client Version: 0.11.19
 2020-07-06 9:24:32 AM Client-Info Client OS:      Windows
 2020-07-06 9:24:32 AM Client-Info Server Version: 1.5.8
 2020-07-06 9:24:32 AM Middleware::Response Success
 2020-07-06 9:24:32 AM DisplayManager Loading display settings from registry:
 2020-07-06 9:24:32 AM DisplayManager * Generic PnP Monitor
 2020-07-06 9:24:32 AM DisplayManager:Display Enumerating displays through API call:
 2020-07-06 9:24:32 AM DisplayManager:Display * c (0 x 0, 0hz)
 2020-07-06 9:24:32 AM DisplayManager:Display * c (0 x 0, 0hz)
 2020-07-06 9:24:32 AM DisplayManager:Display * c (0 x 0, 0hz)
 2020-07-06 9:24:32 AM DisplayManager:Display * c (0 x 0, 0hz)
 2020-07-06 9:24:32 AM DisplayManager:Display * c (0 x 0, 0hz)
 2020-07-06 9:24:32 AM DisplayManager:Display * c (0 x 0, 0hz)
 2020-07-06 9:24:32 AM DisplayManager:Display * c (0 x 0, 0hz)
 2020-07-06 9:24:32 AM DisplayManager:Display * c (0 x 0, 0hz)
 2020-07-06 9:24:32 AM DisplayManager:Display * c (0 x 0, 0hz)
 2020-07-06 9:24:32 AM DisplayManager:Display * c (0 x 0, 0hz)
 2020-07-06 9:24:32 AM DisplayManager:Display * c (0 x 0, 0hz)
 2020-07-06 9:24:32 AM DisplayManager:Display * c (0 x 0, 0hz)
 2020-07-06 9:24:32 AM DisplayManager:Display * c (0 x 0, 0hz)
 2020-07-06 9:24:32 AM DisplayManager:Display * c (0 x 0, 0hz)
 2020-07-06 9:24:32 AM DisplayManager:Display * c (0 x 0, 0hz)
 2020-07-06 9:24:32 AM DisplayManager:Display * c (0 x 0, 0hz)
 2020-07-06 9:24:32 AM DisplayManager:Display * c (0 x 0, 0hz)
 2020-07-06 9:24:32 AM DisplayManager:Display * c (0 x 0, 0hz)
 2020-07-06 9:24:32 AM DisplayManager:Display * c (0 x 0, 0hz)
 2020-07-06 9:24:32 AM DisplayManager:Display * c (0 x 0, 0hz)
 2020-07-06 9:24:32 AM DisplayManager:Display * c (0 x 0, 0hz)
 2020-07-06 9:24:32 AM DisplayManager:Display * c (0 x 0, 0hz)
 2020-07-06 9:24:32 AM DisplayManager:Display * c (0 x 0, 0hz)
 2020-07-06 9:24:32 AM DisplayManager:Display * c (0 x 0, 0hz)
 2020-07-06 9:24:32 AM DisplayManager:Display * c (0 x 0, 0hz)
 2020-07-06 9:24:32 AM DisplayManager:Display * c (0 x 0, 0hz)
 2020-07-06 9:24:32 AM DisplayManager:Display * c (0 x 0, 0hz)
 2020-07-06 9:24:32 AM DisplayManager:Display * c (0 x 0, 0hz)
 2020-07-06 9:24:32 AM DisplayManager:Display * c (0 x 0, 0hz)
 2020-07-06 9:24:32 AM DisplayManager:Display * c (0 x 0, 0hz)
 2020-07-06 9:24:32 AM DisplayManager:Display * c (0 x 0, 0hz)
 2020-07-06 9:24:32 AM DisplayManager:Display * c (0 x 0, 0hz)
 2020-07-06 9:24:32 AM DisplayManager:Display * c (0 x 0, 0hz)
 2020-07-06 9:24:32 AM DisplayManager:Display * c (0 x 0, 0hz)
 2020-07-06 9:24:32 AM DisplayManager:Display * c (0 x 0, 0hz)
 2020-07-06 9:24:32 AM DisplayManager:Display * c (0 x 0, 0hz)
 2020-07-06 9:24:32 AM DisplayManager:Display * c (0 x 0, 0hz)
 2020-07-06 9:24:32 AM DisplayManager:Display * c (0 x 0, 0hz)
 2020-07-06 9:24:32 AM DisplayManager:Display * c (0 x 0, 0hz)
 2020-07-06 9:24:32 AM DisplayManager:Display * c (0 x 0, 0hz)
 2020-07-06 9:24:32 AM DisplayManager:Display * c (0 x 0, 0hz)
 2020-07-06 9:24:32 AM DisplayManager:Display * c (0 x 0, 0hz)
 2020-07-06 9:24:32 AM DisplayManager:Display * c (0 x 0, 0hz)
 2020-07-06 9:24:32 AM DisplayManager:Display * c (0 x 0, 0hz)
 2020-07-06 9:24:32 AM DisplayManager:Display * c (0 x 0, 0hz)
 2020-07-06 9:24:32 AM DisplayManager:Display * c (0 x 0, 0hz)
 2020-07-06 9:24:32 AM DisplayManager:Display * c (0 x 0, 0hz)
 2020-07-06 9:24:32 AM DisplayManager:Display * c (0 x 0, 0hz)
 2020-07-06 9:24:32 AM DisplayManager:Display * c (0 x 0, 0hz)
 2020-07-06 9:24:32 AM DisplayManager:Display * c (0 x 0, 0hz)
 2020-07-06 9:24:32 AM DisplayManager:Display * c (0 x 0, 0hz)
 2020-07-06 9:24:32 AM DisplayManager:Display * c (0 x 0, 0hz)
 2020-07-06 9:24:32 AM DisplayManager:Display * c (0 x 0, 0hz)
 2020-07-06 9:24:32 AM DisplayManager:Display * c (0 x 0, 0hz)
 2020-07-06 9:24:32 AM DisplayManager:Display * c (0 x 0, 0hz)
 2020-07-06 9:24:32 AM DisplayManager:Display * c (0 x 0, 0hz)
 2020-07-06 9:24:32 AM DisplayManager:Display * c (0 x 0, 0hz)
 2020-07-06 9:24:32 AM DisplayManager:Display * c (0 x 0, 0hz)
 2020-07-06 9:24:32 AM DisplayManager:Display * c (0 x 0, 0hz)
 2020-07-06 9:24:32 AM DisplayManager:Display * c (0 x 0, 0hz)
 2020-07-06 9:24:32 AM DisplayManager:Display * c (0 x 0, 0hz)
 2020-07-06 9:24:32 AM DisplayManager:Display * c (0 x 0, 0hz)
 2020-07-06 9:24:32 AM DisplayManager:Display * c (0 x 0, 0hz)
 2020-07-06 9:24:32 AM DisplayManager:Display * c (0 x 0, 0hz)
 2020-07-06 9:24:32 AM DisplayManager:Display * c (0 x 0, 0hz)
 2020-07-06 9:24:32 AM DisplayManager:Display * c (0 x 0, 0hz)
 2020-07-06 9:24:32 AM DisplayManager:Display * c (0 x 0, 0hz)
 2020-07-06 9:24:32 AM DisplayManager:Display * c (0 x 0, 0hz)
 2020-07-06 9:24:32 AM DisplayManager:Display * c (0 x 0, 0hz)
 2020-07-06 9:24:32 AM DisplayManager:Display * c (0 x 0, 0hz)
 2020-07-06 9:24:32 AM DisplayManager:Display * c (0 x 0, 0hz)
 2020-07-06 9:24:32 AM DisplayManager:Display * c (0 x 0, 0hz)
 2020-07-06 9:24:32 AM DisplayManager:Display * c (0 x 0, 0hz)
 2020-07-06 9:24:32 AM DisplayManager:Display * c (0 x 0, 0hz)
 2020-07-06 9:24:32 AM DisplayManager:Display * c (0 x 0, 0hz)
 2020-07-06 9:24:32 AM DisplayManager:Display * c (0 x 0, 0hz)
 2020-07-06 9:24:32 AM DisplayManager:Display * c (0 x 0, 0hz)
 2020-07-06 9:24:32 AM DisplayManager:Display * c (0 x 0, 0hz)
 2020-07-06 9:24:32 AM DisplayManager:Display * c (0 x 0, 0hz)
 2020-07-06 9:24:32 AM DisplayManager:Display * c (0 x 0, 0hz)
 2020-07-06 9:24:32 AM DisplayManager:Display * c (0 x 0, 0hz)
 2020-07-06 9:24:32 AM DisplayManager:Display * c (0 x 0, 0hz)
 2020-07-06 9:24:32 AM DisplayManager:Display * c (0 x 0, 0hz)
 2020-07-06 9:24:32 AM DisplayManager:Display * c (0 x 0, 0hz)
 2020-07-06 9:24:32 AM DisplayManager:Display * c (0 x 0, 0hz)
 2020-07-06 9:24:32 AM DisplayManager:Display * c (0 x 0, 0hz)
 2020-07-06 9:24:32 AM DisplayManager:Display * c (0 x 0, 0hz)
 2020-07-06 9:24:32 AM DisplayManager:Display * c (0 x 0, 0hz)
 2020-07-06 9:24:32 AM DisplayManager:Display * c (0 x 0, 0hz)
 2020-07-06 9:24:32 AM DisplayManager:Display * c (0 x 0, 0hz)
 2020-07-06 9:24:32 AM DisplayManager:Display * c (0 x 0, 0hz)
 2020-07-06 9:24:32 AM DisplayManager:Display * c (0 x 0, 0hz)
 2020-07-06 9:24:32 AM DisplayManager:Display * c (0 x 0, 0hz)
 2020-07-06 9:24:32 AM DisplayManager ERROR: Invalid settings provided
------------------------------------------------------------------------------

 2020-07-06 9:24:32 AM Service Sleeping for 149 seconds

 2020-07-09 1:11:45 PM Service Starting service
 2020-07-09 1:11:45 PM Bus Became bus client

 2020-07-09 1:11:45 PM Middleware::Response Success
 2020-07-09 1:11:45 PM Service Initializing modules

------------------------------------------------------------------------------
----------------------------------AutoLogOut----------------------------------
------------------------------------------------------------------------------
 2020-07-09 1:11:45 PM Client-Info Client Version: 0.11.19
 2020-07-09 1:11:45 PM Client-Info Client OS:      Windows
 2020-07-09 1:11:45 PM Client-Info Server Version: 
 2020-07-09 1:11:45 PM Middleware::Response Success
------------------------------------------------------------------------------


------------------------------------------------------------------------------
-----------------------------DefaultPrinterManager----------------------------
------------------------------------------------------------------------------
 2020-07-09 1:11:46 PM Client-Info Client Version: 0.11.19
 2020-07-09 1:11:46 PM Client-Info Client OS:      Windows
 2020-07-09 1:11:46 PM Client-Info Server Version: 
 2020-07-09 1:11:46 PM Middleware::Response Success
------------------------------------------------------------------------------


------------------------------------------------------------------------------
--------------------------------DisplayManager--------------------------------
------------------------------------------------------------------------------
 2020-07-09 1:11:46 PM Client-Info Client Version: 0.11.19
 2020-07-09 1:11:46 PM Client-Info Client OS:      Windows
 2020-07-09 1:11:46 PM Client-Info Server Version: 
 2020-07-09 1:11:46 PM Middleware::Response Success
 2020-07-09 1:11:46 PM DisplayManager:Display Enumerating displays through API call:
 2020-07-09 1:11:46 PM DisplayManager:Display * c (0 x 0, 0hz)
 2020-07-09 1:11:46 PM DisplayManager:Display * c (0 x 0, 0hz)
 2020-07-09 1:11:46 PM DisplayManager:Display * c (0 x 0, 0hz)
 2020-07-09 1:11:46 PM DisplayManager:Display * c (0 x 0, 0hz)
 2020-07-09 1:11:46 PM DisplayManager:Display * c (0 x 0, 0hz)
 2020-07-09 1:11:46 PM DisplayManager:Display * c (0 x 0, 0hz)
 2020-07-09 1:11:46 PM DisplayManager:Display * c (0 x 0, 0hz)
 2020-07-09 1:11:46 PM DisplayManager:Display * c (0 x 0, 0hz)
 2020-07-09 1:11:46 PM DisplayManager:Display * c (0 x 0, 0hz)
 2020-07-09 1:11:46 PM DisplayManager:Display * c (0 x 0, 0hz)
 2020-07-09 1:11:46 PM DisplayManager:Display * c (0 x 0, 0hz)
 2020-07-09 1:11:46 PM DisplayManager:Display * c (0 x 0, 0hz)
 2020-07-09 1:11:46 PM DisplayManager:Display * c (0 x 0, 0hz)
 2020-07-09 1:11:46 PM DisplayManager:Display * c (0 x 0, 0hz)
 2020-07-09 1:11:46 PM DisplayManager:Display * c (0 x 0, 0hz)
 2020-07-09 1:11:46 PM DisplayManager:Display * c (0 x 0, 0hz)
 2020-07-09 1:11:46 PM DisplayManager:Display * c (0 x 0, 0hz)
 2020-07-09 1:11:46 PM DisplayManager:Display * c (0 x 0, 0hz)
 2020-07-09 1:11:46 PM DisplayManager:Display * c (0 x 0, 0hz)
 2020-07-09 1:11:46 PM DisplayManager:Display * c (0 x 0, 0hz)
 2020-07-09 1:11:46 PM DisplayManager:Display * c (0 x 0, 0hz)
 2020-07-09 1:11:46 PM DisplayManager:Display * c (0 x 0, 0hz)
 2020-07-09 1:11:46 PM DisplayManager:Display * c (0 x 0, 0hz)
 2020-07-09 1:11:46 PM DisplayManager:Display * c (0 x 0, 0hz)
 2020-07-09 1:11:46 PM DisplayManager:Display * c (0 x 0, 0hz)
 2020-07-09 1:11:46 PM DisplayManager:Display * c (0 x 0, 0hz)
 2020-07-09 1:11:46 PM DisplayManager:Display * c (0 x 0, 0hz)
 2020-07-09 1:11:46 PM DisplayManager:Display * c (0 x 0, 0hz)
 2020-07-09 1:11:46 PM DisplayManager:Display * c (0 x 0, 0hz)
 2020-07-09 1:11:46 PM DisplayManager:Display * c (0 x 0, 0hz)
 2020-07-09 1:11:46 PM DisplayManager:Display * c (0 x 0, 0hz)
 2020-07-09 1:11:46 PM DisplayManager:Display * c (0 x 0, 0hz)
 2020-07-09 1:11:46 PM DisplayManager:Display * c (0 x 0, 0hz)
 2020-07-09 1:11:46 PM DisplayManager:Display * c (0 x 0, 0hz)
 2020-07-09 1:11:46 PM DisplayManager:Display * c (0 x 0, 0hz)
 2020-07-09 1:11:46 PM DisplayManager:Display * c (0 x 0, 0hz)
 2020-07-09 1:11:46 PM DisplayManager:Display * c (0 x 0, 0hz)
 2020-07-09 1:11:46 PM DisplayManager:Display * c (0 x 0, 0hz)
 2020-07-09 1:11:46 PM DisplayManager:Display * c (0 x 0, 0hz)
 2020-07-09 1:11:46 PM DisplayManager:Display * c (0 x 0, 0hz)
 2020-07-09 1:11:46 PM DisplayManager:Display * c (0 x 0, 0hz)
 2020-07-09 1:11:46 PM DisplayManager:Display * c (0 x 0, 0hz)
 2020-07-09 1:11:46 PM DisplayManager:Display * c (0 x 0, 0hz)
 2020-07-09 1:11:46 PM DisplayManager:Display * c (0 x 0, 0hz)
 2020-07-09 1:11:46 PM DisplayManager:Display * c (0 x 0, 0hz)
 2020-07-09 1:11:46 PM DisplayManager:Display * c (0 x 0, 0hz)
 2020-07-09 1:11:46 PM DisplayManager:Display * c (0 x 0, 0hz)
 2020-07-09 1:11:46 PM DisplayManager:Display * c (0 x 0, 0hz)
 2020-07-09 1:11:46 PM DisplayManager:Display * c (0 x 0, 0hz)
 2020-07-09 1:11:46 PM DisplayManager:Display * c (0 x 0, 0hz)
 2020-07-09 1:11:46 PM DisplayManager:Display * c (0 x 0, 0hz)
 2020-07-09 1:11:46 PM DisplayManager:Display * c (0 x 0, 0hz)
 2020-07-09 1:11:46 PM DisplayManager:Display * c (0 x 0, 0hz)
 2020-07-09 1:11:46 PM DisplayManager:Display * c (0 x 0, 0hz)
 2020-07-09 1:11:46 PM DisplayManager:Display * c (0 x 0, 0hz)
 2020-07-09 1:11:46 PM DisplayManager:Display * c (0 x 0, 0hz)
 2020-07-09 1:11:46 PM DisplayManager:Display * c (0 x 0, 0hz)
 2020-07-09 1:11:46 PM DisplayManager:Display * c (0 x 0, 0hz)
 2020-07-09 1:11:46 PM DisplayManager:Display * c (0 x 0, 0hz)
 2020-07-09 1:11:46 PM DisplayManager:Display * c (0 x 0, 0hz)
 2020-07-09 1:11:46 PM DisplayManager:Display * c (0 x 0, 0hz)
 2020-07-09 1:11:46 PM DisplayManager:Display * c (0 x 0, 0hz)
 2020-07-09 1:11:46 PM DisplayManager:Display * c (0 x 0, 0hz)
 2020-07-09 1:11:46 PM DisplayManager:Display * c (0 x 0, 0hz)
 2020-07-09 1:11:46 PM DisplayManager:Display * c (0 x 0, 0hz)
 2020-07-09 1:11:46 PM DisplayManager:Display * c (0 x 0, 0hz)
 2020-07-09 1:11:46 PM DisplayManager:Display * c (0 x 0, 0hz)
 2020-07-09 1:11:46 PM DisplayManager:Display * c (0 x 0, 0hz)
 2020-07-09 1:11:46 PM DisplayManager:Display * c (0 x 0, 0hz)
 2020-07-09 1:11:46 PM DisplayManager:Display * c (0 x 0, 0hz)
 2020-07-09 1:11:46 PM DisplayManager:Display * c (0 x 0, 0hz)
 2020-07-09 1:11:46 PM DisplayManager:Display * c (0 x 0, 0hz)
 2020-07-09 1:11:46 PM DisplayManager:Display * c (0 x 0, 0hz)
 2020-07-09 1:11:46 PM DisplayManager:Display * c (0 x 0, 0hz)
 2020-07-09 1:11:46 PM DisplayManager:Display * c (0 x 0, 0hz)
 2020-07-09 1:11:46 PM DisplayManager:Display * c (0 x 0, 0hz)
 2020-07-09 1:11:46 PM DisplayManager:Display * c (0 x 0, 0hz)
 2020-07-09 1:11:46 PM DisplayManager:Display * c (0 x 0, 0hz)
 2020-07-09 1:11:46 PM DisplayManager:Display * c (0 x 0, 0hz)
 2020-07-09 1:11:46 PM DisplayManager:Display * c (0 x 0, 0hz)
 2020-07-09 1:11:46 PM DisplayManager Loading display settings from registry:
 2020-07-09 1:11:46 PM DisplayManager * Generic PnP Monitor
 2020-07-09 1:11:46 PM DisplayManager:Display Enumerating displays through API call:
 2020-07-09 1:11:46 PM DisplayManager:Display * c (0 x 0, 0hz)
 2020-07-09 1:11:46 PM DisplayManager:Display * c (0 x 0, 0hz)
 2020-07-09 1:11:46 PM DisplayManager:Display * c (0 x 0, 0hz)
 2020-07-09 1:11:46 PM DisplayManager:Display * c (0 x 0, 0hz)
 2020-07-09 1:11:46 PM DisplayManager:Display * c (0 x 0, 0hz)
 2020-07-09 1:11:46 PM DisplayManager:Display * c (0 x 0, 0hz)
 2020-07-09 1:11:46 PM DisplayManager:Display * c (0 x 0, 0hz)
 2020-07-09 1:11:46 PM DisplayManager:Display * c (0 x 0, 0hz)
 2020-07-09 1:11:46 PM DisplayManager:Display * c (0 x 0, 0hz)
 2020-07-09 1:11:46 PM DisplayManager:Display * c (0 x 0, 0hz)
 2020-07-09 1:11:46 PM DisplayManager:Display * c (0 x 0, 0hz)
 2020-07-09 1:11:46 PM DisplayManager:Display * c (0 x 0, 0hz)
 2020-07-09 1:11:46 PM DisplayManager:Display * c (0 x 0, 0hz)
 2020-07-09 1:11:46 PM DisplayManager:Display * c (0 x 0, 0hz)
 2020-07-09 1:11:46 PM DisplayManager:Display * c (0 x 0, 0hz)
 2020-07-09 1:11:46 PM DisplayManager:Display * c (0 x 0, 0hz)
 2020-07-09 1:11:46 PM DisplayManager:Display * c (0 x 0, 0hz)
 2020-07-09 1:11:46 PM DisplayManager:Display * c (0 x 0, 0hz)
 2020-07-09 1:11:46 PM DisplayManager:Display * c (0 x 0, 0hz)
 2020-07-09 1:11:46 PM DisplayManager:Display * c (0 x 0, 0hz)
 2020-07-09 1:11:46 PM DisplayManager:Display * c (0 x 0, 0hz)
 2020-07-09 1:11:46 PM DisplayManager:Display * c (0 x 0, 0hz)
 2020-07-09 1:11:46 PM DisplayManager:Display * c (0 x 0, 0hz)
 2020-07-09 1:11:46 PM DisplayManager:Display * c (0 x 0, 0hz)
 2020-07-09 1:11:46 PM DisplayManager:Display * c (0 x 0, 0hz)
 2020-07-09 1:11:46 PM DisplayManager:Display * c (0 x 0, 0hz)
 2020-07-09 1:11:46 PM DisplayManager:Display * c (0 x 0, 0hz)
 2020-07-09 1:11:46 PM DisplayManager:Display * c (0 x 0, 0hz)
 2020-07-09 1:11:46 PM DisplayManager:Display * c (0 x 0, 0hz)
 2020-07-09 1:11:46 PM DisplayManager:Display * c (0 x 0, 0hz)
 2020-07-09 1:11:46 PM DisplayManager:Display * c (0 x 0, 0hz)
 2020-07-09 1:11:46 PM DisplayManager:Display * c (0 x 0, 0hz)
 2020-07-09 1:11:46 PM DisplayManager:Display * c (0 x 0, 0hz)
 2020-07-09 1:11:46 PM DisplayManager:Display * c (0 x 0, 0hz)
 2020-07-09 1:11:46 PM DisplayManager:Display * c (0 x 0, 0hz)
 2020-07-09 1:11:46 PM DisplayManager:Display * c (0 x 0, 0hz)
 2020-07-09 1:11:46 PM DisplayManager:Display * c (0 x 0, 0hz)
 2020-07-09 1:11:46 PM DisplayManager:Display * c (0 x 0, 0hz)
 2020-07-09 1:11:46 PM DisplayManager:Display * c (0 x 0, 0hz)
 2020-07-09 1:11:46 PM DisplayManager:Display * c (0 x 0, 0hz)
 2020-07-09 1:11:46 PM DisplayManager:Display * c (0 x 0, 0hz)
 2020-07-09 1:11:46 PM DisplayManager:Display * c (0 x 0, 0hz)
 2020-07-09 1:11:46 PM DisplayManager:Display * c (0 x 0, 0hz)
 2020-07-09 1:11:46 PM DisplayManager:Display * c (0 x 0, 0hz)
 2020-07-09 1:11:46 PM DisplayManager:Display * c (0 x 0, 0hz)
 2020-07-09 1:11:46 PM DisplayManager:Display * c (0 x 0, 0hz)
 2020-07-09 1:11:46 PM DisplayManager:Display * c (0 x 0, 0hz)
 2020-07-09 1:11:46 PM DisplayManager:Display * c (0 x 0, 0hz)
 2020-07-09 1:11:46 PM DisplayManager:Display * c (0 x 0, 0hz)
 2020-07-09 1:11:46 PM DisplayManager:Display * c (0 x 0, 0hz)
 2020-07-09 1:11:46 PM DisplayManager:Display * c (0 x 0, 0hz)
 2020-07-09 1:11:46 PM DisplayManager:Display * c (0 x 0, 0hz)
 2020-07-09 1:11:46 PM DisplayManager:Display * c (0 x 0, 0hz)
 2020-07-09 1:11:46 PM DisplayManager:Display * c (0 x 0, 0hz)
 2020-07-09 1:11:46 PM DisplayManager:Display * c (0 x 0, 0hz)
 2020-07-09 1:11:46 PM DisplayManager:Display * c (0 x 0, 0hz)
 2020-07-09 1:11:46 PM DisplayManager:Display * c (0 x 0, 0hz)
 2020-07-09 1:11:46 PM DisplayManager:Display * c (0 x 0, 0hz)
 2020-07-09 1:11:46 PM DisplayManager:Display * c (0 x 0, 0hz)
 2020-07-09 1:11:46 PM DisplayManager:Display * c (0 x 0, 0hz)
 2020-07-09 1:11:46 PM DisplayManager:Display * c (0 x 0, 0hz)
 2020-07-09 1:11:46 PM DisplayManager:Display * c (0 x 0, 0hz)
 2020-07-09 1:11:46 PM DisplayManager:Display * c (0 x 0, 0hz)
 2020-07-09 1:11:46 PM DisplayManager:Display * c (0 x 0, 0hz)
 2020-07-09 1:11:46 PM DisplayManager:Display * c (0 x 0, 0hz)
 2020-07-09 1:11:46 PM DisplayManager:Display * c (0 x 0, 0hz)
 2020-07-09 1:11:46 PM DisplayManager:Display * c (0 x 0, 0hz)
 2020-07-09 1:11:46 PM DisplayManager:Display * c (0 x 0, 0hz)
 2020-07-09 1:11:46 PM DisplayManager:Display * c (0 x 0, 0hz)
 2020-07-09 1:11:46 PM DisplayManager:Display * c (0 x 0, 0hz)
 2020-07-09 1:11:46 PM DisplayManager:Display * c (0 x 0, 0hz)
 2020-07-09 1:11:46 PM DisplayManager:Display * c (0 x 0, 0hz)
 2020-07-09 1:11:46 PM DisplayManager:Display * c (0 x 0, 0hz)
 2020-07-09 1:11:46 PM DisplayManager:Display * c (0 x 0, 0hz)
 2020-07-09 1:11:46 PM DisplayManager:Display * c (0 x 0, 0hz)
 2020-07-09 1:11:46 PM DisplayManager:Display * c (0 x 0, 0hz)
 2020-07-09 1:11:46 PM DisplayManager:Display * c (0 x 0, 0hz)
 2020-07-09 1:11:46 PM DisplayManager:Display * c (0 x 0, 0hz)
 2020-07-09 1:11:46 PM DisplayManager:Display * c (0 x 0, 0hz)
 2020-07-09 1:11:46 PM DisplayManager:Display * c (0 x 0, 0hz)
 2020-07-09 1:11:46 PM DisplayManager ERROR: Invalid settings provided
------------------------------------------------------------------------------

 2020-07-09 1:11:46 PM Service ERROR: Unable to parse sleep time
 2020-07-09 1:11:46 PM Service ERROR: Input string was not in a correct format.
 2020-07-09 1:11:46 PM Service Sleeping for 60 seconds
 2020-07-09 1:11:47 PM Bus::Client ERROR: No connection could be made because the target machine actively refused it
 2020-07-09 1:11:47 PM Bus::Client ERROR: Connection lost due to socket error
 2020-07-09 1:12:19 PM Bus::Client ERROR: No connection could be made because the target machine actively refused it
 2020-07-09 1:12:46 PM Middleware::Response Success

------------------------------------------------------------------------------
----------------------------------AutoLogOut----------------------------------
------------------------------------------------------------------------------
 2020-07-09 1:12:46 PM Client-Info Client Version: 0.11.19
 2020-07-09 1:12:46 PM Client-Info Client OS:      Windows
 2020-07-09 1:12:46 PM Client-Info Server Version: 
 2020-07-09 1:12:46 PM Middleware::Response Success
------------------------------------------------------------------------------


------------------------------------------------------------------------------
-----------------------------DefaultPrinterManager----------------------------
------------------------------------------------------------------------------
 2020-07-09 1:12:46 PM Client-Info Client Version: 0.11.19
 2020-07-09 1:12:46 PM Client-Info Client OS:      Windows
 2020-07-09 1:12:46 PM Client-Info Server Version: 
 2020-07-09 1:12:46 PM Middleware::Response Success
------------------------------------------------------------------------------


------------------------------------------------------------------------------
--------------------------------DisplayManager--------------------------------
------------------------------------------------------------------------------
 2020-07-09 1:12:46 PM Client-Info Client Version: 0.11.19
 2020-07-09 1:12:46 PM Client-Info Client OS:      Windows
 2020-07-09 1:12:46 PM Client-Info Server Version: 
 2020-07-09 1:12:46 PM Middleware::Response Success
 2020-07-09 1:12:46 PM DisplayManager Loading display settings from registry:
 2020-07-09 1:12:46 PM DisplayManager * Generic PnP Monitor
 2020-07-09 1:12:46 PM DisplayManager:Display Enumerating displays through API call:
 2020-07-09 1:12:46 PM DisplayManager:Display * c (0 x 0, 0hz)
 2020-07-09 1:12:46 PM DisplayManager:Display * c (0 x 0, 0hz)
 2020-07-09 1:12:46 PM DisplayManager:Display * c (0 x 0, 0hz)
 2020-07-09 1:12:46 PM DisplayManager:Display * c (0 x 0, 0hz)
 2020-07-09 1:12:46 PM DisplayManager:Display * c (0 x 0, 0hz)
 2020-07-09 1:12:46 PM DisplayManager:Display * c (0 x 0, 0hz)
 2020-07-09 1:12:46 PM DisplayManager:Display * c (0 x 0, 0hz)
 2020-07-09 1:12:46 PM DisplayManager:Display * c (0 x 0, 0hz)
 2020-07-09 1:12:46 PM DisplayManager:Display * c (0 x 0, 0hz)
 2020-07-09 1:12:46 PM DisplayManager:Display * c (0 x 0, 0hz)
 2020-07-09 1:12:46 PM DisplayManager:Display * c (0 x 0, 0hz)
 2020-07-09 1:12:46 PM DisplayManager:Display * c (0 x 0, 0hz)
 2020-07-09 1:12:46 PM DisplayManager:Display * c (0 x 0, 0hz)
 2020-07-09 1:12:46 PM DisplayManager:Display * c (0 x 0, 0hz)
 2020-07-09 1:12:46 PM DisplayManager:Display * c (0 x 0, 0hz)
 2020-07-09 1:12:46 PM DisplayManager:Display * c (0 x 0, 0hz)
 2020-07-09 1:12:46 PM DisplayManager:Display * c (0 x 0, 0hz)
 2020-07-09 1:12:46 PM DisplayManager:Display * c (0 x 0, 0hz)
 2020-07-09 1:12:46 PM DisplayManager:Display * c (0 x 0, 0hz)
 2020-07-09 1:12:46 PM DisplayManager:Display * c (0 x 0, 0hz)
 2020-07-09 1:12:46 PM DisplayManager:Display * c (0 x 0, 0hz)
 2020-07-09 1:12:46 PM DisplayManager:Display * c (0 x 0, 0hz)
 2020-07-09 1:12:46 PM DisplayManager:Display * c (0 x 0, 0hz)
 2020-07-09 1:12:46 PM DisplayManager:Display * c (0 x 0, 0hz)
 2020-07-09 1:12:46 PM DisplayManager:Display * c (0 x 0, 0hz)
 2020-07-09 1:12:46 PM DisplayManager:Display * c (0 x 0, 0hz)
 2020-07-09 1:12:46 PM DisplayManager:Display * c (0 x 0, 0hz)
 2020-07-09 1:12:46 PM DisplayManager:Display * c (0 x 0, 0hz)
 2020-07-09 1:12:46 PM DisplayManager:Display * c (0 x 0, 0hz)
 2020-07-09 1:12:46 PM DisplayManager:Display * c (0 x 0, 0hz)
 2020-07-09 1:12:46 PM DisplayManager:Display * c (0 x 0, 0hz)
 2020-07-09 1:12:46 PM DisplayManager:Display * c (0 x 0, 0hz)
 2020-07-09 1:12:46 PM DisplayManager:Display * c (0 x 0, 0hz)
 2020-07-09 1:12:46 PM DisplayManager:Display * c (0 x 0, 0hz)
 2020-07-09 1:12:46 PM DisplayManager:Display * c (0 x 0, 0hz)
 2020-07-09 1:12:46 PM DisplayManager:Display * c (0 x 0, 0hz)
 2020-07-09 1:12:46 PM DisplayManager:Display * c (0 x 0, 0hz)
 2020-07-09 1:12:46 PM DisplayManager:Display * c (0 x 0, 0hz)
 2020-07-09 1:12:46 PM DisplayManager:Display * c (0 x 0, 0hz)
 2020-07-09 1:12:46 PM DisplayManager:Display * c (0 x 0, 0hz)
 2020-07-09 1:12:46 PM DisplayManager:Display * c (0 x 0, 0hz)
 2020-07-09 1:12:46 PM DisplayManager:Display * c (0 x 0, 0hz)
 2020-07-09 1:12:46 PM DisplayManager:Display * c (0 x 0, 0hz)
 2020-07-09 1:12:46 PM DisplayManager:Display * c (0 x 0, 0hz)
 2020-07-09 1:12:46 PM DisplayManager:Display * c (0 x 0, 0hz)
 2020-07-09 1:12:46 PM DisplayManager:Display * c (0 x 0, 0hz)
 2020-07-09 1:12:46 PM DisplayManager:Display * c (0 x 0, 0hz)
 2020-07-09 1:12:46 PM DisplayManager:Display * c (0 x 0, 0hz)
 2020-07-09 1:12:46 PM DisplayManager:Display * c (0 x 0, 0hz)
 2020-07-09 1:12:46 PM DisplayManager:Display * c (0 x 0, 0hz)
 2020-07-09 1:12:46 PM DisplayManager:Display * c (0 x 0, 0hz)
 2020-07-09 1:12:46 PM DisplayManager:Display * c (0 x 0, 0hz)
 2020-07-09 1:12:46 PM DisplayManager:Display * c (0 x 0, 0hz)
 2020-07-09 1:12:46 PM DisplayManager:Display * c (0 x 0, 0hz)
 2020-07-09 1:12:46 PM DisplayManager:Display * c (0 x 0, 0hz)
 2020-07-09 1:12:46 PM DisplayManager:Display * c (0 x 0, 0hz)
 2020-07-09 1:12:46 PM DisplayManager:Display * c (0 x 0, 0hz)
 2020-07-09 1:12:46 PM DisplayManager:Display * c (0 x 0, 0hz)
 2020-07-09 1:12:46 PM DisplayManager:Display * c (0 x 0, 0hz)
 2020-07-09 1:12:46 PM DisplayManager:Display * c (0 x 0, 0hz)
 2020-07-09 1:12:46 PM DisplayManager:Display * c (0 x 0, 0hz)
 2020-07-09 1:12:46 PM DisplayManager:Display * c (0 x 0, 0hz)
 2020-07-09 1:12:46 PM DisplayManager:Display * c (0 x 0, 0hz)
 2020-07-09 1:12:46 PM DisplayManager:Display * c (0 x 0, 0hz)
 2020-07-09 1:12:46 PM DisplayManager:Display * c (0 x 0, 0hz)
 2020-07-09 1:12:46 PM DisplayManager:Display * c (0 x 0, 0hz)
 2020-07-09 1:12:46 PM DisplayManager:Display * c (0 x 0, 0hz)
 2020-07-09 1:12:46 PM DisplayManager:Display * c (0 x 0, 0hz)
 2020-07-09 1:12:46 PM DisplayManager:Display * c (0 x 0, 0hz)
 2020-07-09 1:12:46 PM DisplayManager:Display * c (0 x 0, 0hz)
 2020-07-09 1:12:46 PM DisplayManager:Display * c (0 x 0, 0hz)
 2020-07-09 1:12:46 PM DisplayManager:Display * c (0 x 0, 0hz)
 2020-07-09 1:12:46 PM DisplayManager:Display * c (0 x 0, 0hz)
 2020-07-09 1:12:46 PM DisplayManager:Display * c (0 x 0, 0hz)
 2020-07-09 1:12:46 PM DisplayManager:Display * c (0 x 0, 0hz)
 2020-07-09 1:12:46 PM DisplayManager:Display * c (0 x 0, 0hz)
 2020-07-09 1:12:46 PM DisplayManager:Display * c (0 x 0, 0hz)
 2020-07-09 1:12:46 PM DisplayManager:Display * c (0 x 0, 0hz)
 2020-07-09 1:12:46 PM DisplayManager:Display * c (0 x 0, 0hz)
 2020-07-09 1:12:46 PM DisplayManager:Display * c (0 x 0, 0hz)
 2020-07-09 1:12:46 PM DisplayManager ERROR: Invalid settings provided
------------------------------------------------------------------------------

 2020-07-09 1:12:46 PM Service ERROR: Unable to parse sleep time
 2020-07-09 1:12:46 PM Service ERROR: Input string was not in a correct format.
 2020-07-09 1:12:46 PM Service Sleeping for 60 seconds
 2020-07-09 1:12:49 PM Bus::Client ERROR: No connection could be made because the target machine actively refused it
 2020-07-09 1:13:17 PM Bus::Client Connection established
 2020-07-09 1:13:46 PM Middleware::Response Success

------------------------------------------------------------------------------
----------------------------------AutoLogOut----------------------------------
------------------------------------------------------------------------------
 2020-07-09 1:13:46 PM Client-Info Client Version: 0.11.19
 2020-07-09 1:13:46 PM Client-Info Client OS:      Windows
 2020-07-09 1:13:46 PM Client-Info Server Version: 
 2020-07-09 1:13:46 PM Middleware::Response Success
------------------------------------------------------------------------------


------------------------------------------------------------------------------
-----------------------------DefaultPrinterManager----------------------------
------------------------------------------------------------------------------
 2020-07-09 1:13:46 PM Client-Info Client Version: 0.11.19
 2020-07-09 1:13:46 PM Client-Info Client OS:      Windows
 2020-07-09 1:13:46 PM Client-Info Server Version: 
 2020-07-09 1:13:46 PM Middleware::Response Success
------------------------------------------------------------------------------


------------------------------------------------------------------------------
--------------------------------DisplayManager--------------------------------
------------------------------------------------------------------------------
 2020-07-09 1:13:46 PM Client-Info Client Version: 0.11.19
 2020-07-09 1:13:46 PM Client-Info Client OS:      Windows
 2020-07-09 1:13:46 PM Client-Info Server Version: 
 2020-07-09 1:13:46 PM Middleware::Response Success
 2020-07-09 1:13:46 PM DisplayManager Loading display settings from registry:
 2020-07-09 1:13:46 PM DisplayManager * Generic PnP Monitor
 2020-07-09 1:13:46 PM DisplayManager:Display Enumerating displays through API call:
 2020-07-09 1:13:46 PM DisplayManager:Display * c (0 x 0, 0hz)
 2020-07-09 1:13:46 PM DisplayManager:Display * c (0 x 0, 0hz)
 2020-07-09 1:13:46 PM DisplayManager:Display * c (0 x 0, 0hz)
 2020-07-09 1:13:46 PM DisplayManager:Display * c (0 x 0, 0hz)
 2020-07-09 1:13:46 PM DisplayManager:Display * c (0 x 0, 0hz)
 2020-07-09 1:13:46 PM DisplayManager:Display * c (0 x 0, 0hz)
 2020-07-09 1:13:46 PM DisplayManager:Display * c (0 x 0, 0hz)
 2020-07-09 1:13:46 PM DisplayManager:Display * c (0 x 0, 0hz)
 2020-07-09 1:13:46 PM DisplayManager:Display * c (0 x 0, 0hz)
 2020-07-09 1:13:46 PM DisplayManager:Display * c (0 x 0, 0hz)
 2020-07-09 1:13:46 PM DisplayManager:Display * c (0 x 0, 0hz)
 2020-07-09 1:13:46 PM DisplayManager:Display * c (0 x 0, 0hz)
 2020-07-09 1:13:46 PM DisplayManager:Display * c (0 x 0, 0hz)
 2020-07-09 1:13:46 PM DisplayManager:Display * c (0 x 0, 0hz)
 2020-07-09 1:13:46 PM DisplayManager:Display * c (0 x 0, 0hz)
 2020-07-09 1:13:46 PM DisplayManager:Display * c (0 x 0, 0hz)
 2020-07-09 1:13:46 PM DisplayManager:Display * c (0 x 0, 0hz)
 2020-07-09 1:13:46 PM DisplayManager:Display * c (0 x 0, 0hz)
 2020-07-09 1:13:46 PM DisplayManager:Display * c (0 x 0, 0hz)
 2020-07-09 1:13:46 PM DisplayManager:Display * c (0 x 0, 0hz)
 2020-07-09 1:13:46 PM DisplayManager:Display * c (0 x 0, 0hz)
 2020-07-09 1:13:46 PM DisplayManager:Display * c (0 x 0, 0hz)
 2020-07-09 1:13:46 PM DisplayManager:Display * c (0 x 0, 0hz)
 2020-07-09 1:13:46 PM DisplayManager:Display * c (0 x 0, 0hz)
 2020-07-09 1:13:46 PM DisplayManager:Display * c (0 x 0, 0hz)
 2020-07-09 1:13:46 PM DisplayManager:Display * c (0 x 0, 0hz)
 2020-07-09 1:13:46 PM DisplayManager:Display * c (0 x 0, 0hz)
 2020-07-09 1:13:46 PM DisplayManager:Display * c (0 x 0, 0hz)
 2020-07-09 1:13:46 PM DisplayManager:Display * c (0 x 0, 0hz)
 2020-07-09 1:13:46 PM DisplayManager:Display * c (0 x 0, 0hz)
 2020-07-09 1:13:46 PM DisplayManager:Display * c (0 x 0, 0hz)
 2020-07-09 1:13:46 PM DisplayManager:Display * c (0 x 0, 0hz)
 2020-07-09 1:13:46 PM DisplayManager:Display * c (0 x 0, 0hz)
 2020-07-09 1:13:46 PM DisplayManager:Display * c (0 x 0, 0hz)
 2020-07-09 1:13:46 PM DisplayManager:Display * c (0 x 0, 0hz)
 2020-07-09 1:13:46 PM DisplayManager:Display * c (0 x 0, 0hz)
 2020-07-09 1:13:46 PM DisplayManager:Display * c (0 x 0, 0hz)
 2020-07-09 1:13:46 PM DisplayManager:Display * c (0 x 0, 0hz)
 2020-07-09 1:13:46 PM DisplayManager:Display * c (0 x 0, 0hz)
 2020-07-09 1:13:46 PM DisplayManager:Display * c (0 x 0, 0hz)
 2020-07-09 1:13:46 PM DisplayManager:Display * c (0 x 0, 0hz)
 2020-07-09 1:13:46 PM DisplayManager:Display * c (0 x 0, 0hz)
 2020-07-09 1:13:46 PM DisplayManager:Display * c (0 x 0, 0hz)
 2020-07-09 1:13:46 PM DisplayManager:Display * c (0 x 0, 0hz)
 2020-07-09 1:13:46 PM DisplayManager:Display * c (0 x 0, 0hz)
 2020-07-09 1:13:46 PM DisplayManager:Display * c (0 x 0, 0hz)
 2020-07-09 1:13:46 PM DisplayManager:Display * c (0 x 0, 0hz)
 2020-07-09 1:13:46 PM DisplayManager:Display * c (0 x 0, 0hz)
 2020-07-09 1:13:46 PM DisplayManager:Display * c (0 x 0, 0hz)
 2020-07-09 1:13:46 PM DisplayManager:Display * c (0 x 0, 0hz)
 2020-07-09 1:13:46 PM DisplayManager:Display * c (0 x 0, 0hz)
 2020-07-09 1:13:46 PM DisplayManager:Display * c (0 x 0, 0hz)
 2020-07-09 1:13:46 PM DisplayManager:Display * c (0 x 0, 0hz)
 2020-07-09 1:13:46 PM DisplayManager:Display * c (0 x 0, 0hz)
 2020-07-09 1:13:46 PM DisplayManager:Display * c (0 x 0, 0hz)
 2020-07-09 1:13:46 PM DisplayManager:Display * c (0 x 0, 0hz)
 2020-07-09 1:13:46 PM DisplayManager:Display * c (0 x 0, 0hz)
 2020-07-09 1:13:46 PM DisplayManager:Display * c (0 x 0, 0hz)
 2020-07-09 1:13:46 PM DisplayManager:Display * c (0 x 0, 0hz)
 2020-07-09 1:13:46 PM DisplayManager:Display * c (0 x 0, 0hz)
 2020-07-09 1:13:46 PM DisplayManager:Display * c (0 x 0, 0hz)
 2020-07-09 1:13:46 PM DisplayManager:Display * c (0 x 0, 0hz)
 2020-07-09 1:13:46 PM DisplayManager:Display * c (0 x 0, 0hz)
 2020-07-09 1:13:46 PM DisplayManager:Display * c (0 x 0, 0hz)
 2020-07-09 1:13:46 PM DisplayManager:Display * c (0 x 0, 0hz)
 2020-07-09 1:13:46 PM DisplayManager:Display * c (0 x 0, 0hz)
 2020-07-09 1:13:46 PM DisplayManager:Display * c (0 x 0, 0hz)
 2020-07-09 1:13:46 PM DisplayManager:Display * c (0 x 0, 0hz)
 2020-07-09 1:13:46 PM DisplayManager:Display * c (0 x 0, 0hz)
 2020-07-09 1:13:46 PM DisplayManager:Display * c (0 x 0, 0hz)
 2020-07-09 1:13:46 PM DisplayManager:Display * c (0 x 0, 0hz)
 2020-07-09 1:13:46 PM DisplayManager:Display * c (0 x 0, 0hz)
 2020-07-09 1:13:46 PM DisplayManager:Display * c (0 x 0, 0hz)
 2020-07-09 1:13:46 PM DisplayManager:Display * c (0 x 0, 0hz)
 2020-07-09 1:13:46 PM DisplayManager:Display * c (0 x 0, 0hz)
 2020-07-09 1:13:46 PM DisplayManager:Display * c (0 x 0, 0hz)
 2020-07-09 1:13:46 PM DisplayManager:Display * c (0 x 0, 0hz)
 2020-07-09 1:13:46 PM DisplayManager:Display * c (0 x 0, 0hz)
 2020-07-09 1:13:46 PM DisplayManager:Display * c (0 x 0, 0hz)
 2020-07-09 1:13:46 PM DisplayManager:Display * c (0 x 0, 0hz)
 2020-07-09 1:13:46 PM DisplayManager ERROR: Invalid settings provided
------------------------------------------------------------------------------

 2020-07-09 1:13:46 PM Service ERROR: Unable to parse sleep time
 2020-07-09 1:13:46 PM Service ERROR: Input string was not in a correct format.
 2020-07-09 1:13:46 PM Service Sleeping for 60 seconds

 2020-09-25 12:13:25 PM Service Starting service
 2020-09-25 12:13:26 PM Bus Became bus client

 2020-09-25 12:13:26 PM Middleware::Response Success
 2020-09-25 12:13:26 PM Bus::Client Connection established
 2020-09-25 12:13:26 PM Service Initializing modules

------------------------------------------------------------------------------
----------------------------------AutoLogOut----------------------------------
------------------------------------------------------------------------------
 2020-09-25 12:13:26 PM Client-Info Client Version: 0.12.0
 2020-09-25 12:13:26 PM Client-Info Client OS:      Windows
 2020-09-25 12:13:26 PM Client-Info Server Version: 1.5.9
 2020-09-25 12:13:26 PM Middleware::Response Success
------------------------------------------------------------------------------


------------------------------------------------------------------------------
-----------------------------DefaultPrinterManager----------------------------
------------------------------------------------------------------------------
 2020-09-25 12:13:27 PM Client-Info Client Version: 0.12.0
 2020-09-25 12:13:27 PM Client-Info Client OS:      Windows
 2020-09-25 12:13:27 PM Client-Info Server Version: 1.5.9
 2020-09-25 12:13:27 PM Middleware::Response Success
------------------------------------------------------------------------------


------------------------------------------------------------------------------
--------------------------------DisplayManager--------------------------------
------------------------------------------------------------------------------
 2020-09-25 12:13:27 PM Client-Info Client Version: 0.12.0
 2020-09-25 12:13:27 PM Client-Info Client OS:      Windows
 2020-09-25 12:13:27 PM Client-Info Server Version: 1.5.9
 2020-09-25 12:13:27 PM Middleware::Response Success
 2020-09-25 12:13:27 PM DisplayManager ERROR: Invalid settings provided
------------------------------------------------------------------------------

 2020-09-25 12:13:27 PM Service Sleeping for 137 seconds
 2020-09-25 12:15:44 PM Middleware::Response Success

------------------------------------------------------------------------------
----------------------------------AutoLogOut----------------------------------
------------------------------------------------------------------------------
 2020-09-25 12:15:44 PM Client-Info Client Version: 0.12.0
 2020-09-25 12:15:44 PM Client-Info Client OS:      Windows
 2020-09-25 12:15:44 PM Client-Info Server Version: 1.5.9
 2020-09-25 12:15:44 PM Middleware::Response Success
------------------------------------------------------------------------------


------------------------------------------------------------------------------
-----------------------------DefaultPrinterManager----------------------------
------------------------------------------------------------------------------
 2020-09-25 12:15:44 PM Client-Info Client Version: 0.12.0
 2020-09-25 12:15:44 PM Client-Info Client OS:      Windows
 2020-09-25 12:15:44 PM Client-Info Server Version: 1.5.9
 2020-09-25 12:15:44 PM Middleware::Response Success
------------------------------------------------------------------------------


------------------------------------------------------------------------------
--------------------------------DisplayManager--------------------------------
------------------------------------------------------------------------------
 2020-09-25 12:15:44 PM Client-Info Client Version: 0.12.0
 2020-09-25 12:15:44 PM Client-Info Client OS:      Windows
 2020-09-25 12:15:44 PM Client-Info Server Version: 1.5.9
 2020-09-25 12:15:44 PM Middleware::Response Success
 2020-09-25 12:15:44 PM DisplayManager ERROR: Invalid settings provided
------------------------------------------------------------------------------

 2020-09-25 12:15:44 PM Service Sleeping for 123 seconds
 2020-09-25 12:17:47 PM Middleware::Response Success

------------------------------------------------------------------------------
----------------------------------AutoLogOut----------------------------------
------------------------------------------------------------------------------
 2020-09-25 12:17:47 PM Client-Info Client Version: 0.12.0
 2020-09-25 12:17:47 PM Client-Info Client OS:      Windows
 2020-09-25 12:17:47 PM Client-Info Server Version: 1.5.9
 2020-09-25 12:17:47 PM Middleware::Response Success
------------------------------------------------------------------------------


------------------------------------------------------------------------------
-----------------------------DefaultPrinterManager----------------------------
------------------------------------------------------------------------------
 2020-09-25 12:17:47 PM Client-Info Client Version: 0.12.0
 2020-09-25 12:17:47 PM Client-Info Client OS:      Windows
 2020-09-25 12:17:47 PM Client-Info Server Version: 1.5.9
 2020-09-25 12:17:47 PM Middleware::Response Success
------------------------------------------------------------------------------


------------------------------------------------------------------------------
--------------------------------DisplayManager--------------------------------
------------------------------------------------------------------------------
 2020-09-25 12:17:47 PM Client-Info Client Version: 0.12.0
 2020-09-25 12:17:47 PM Client-Info Client OS:      Windows
 2020-09-25 12:17:47 PM Client-Info Server Version: 1.5.9
 2020-09-25 12:17:47 PM Middleware::Response Success
 2020-09-25 12:17:47 PM DisplayManager ERROR: Invalid settings provided
------------------------------------------------------------------------------

 2020-09-25 12:17:47 PM Service Sleeping for 78 seconds
 2020-09-25 12:19:05 PM Middleware::Response Success

------------------------------------------------------------------------------
----------------------------------AutoLogOut----------------------------------
------------------------------------------------------------------------------
 2020-09-25 12:19:05 PM Client-Info Client Version: 0.12.0
 2020-09-25 12:19:05 PM Client-Info Client OS:      Windows
 2020-09-25 12:19:05 PM Client-Info Server Version: 1.5.9
 2020-09-25 12:19:05 PM Middleware::Response Success
------------------------------------------------------------------------------


------------------------------------------------------------------------------
-----------------------------DefaultPrinterManager----------------------------
------------------------------------------------------------------------------
 2020-09-25 12:19:05 PM Client-Info Client Version: 0.12.0
 2020-09-25 12:19:05 PM Client-Info Client OS:      Windows
 2020-09-25 12:19:05 PM Client-Info Server Version: 1.5.9
 2020-09-25 12:19:05 PM Middleware::Response Success
------------------------------------------------------------------------------


------------------------------------------------------------------------------
--------------------------------DisplayManager--------------------------------
------------------------------------------------------------------------------
 2020-09-25 12:19:05 PM Client-Info Client Version: 0.12.0
 2020-09-25 12:19:05 PM Client-Info Client OS:      Windows
 2020-09-25 12:19:05 PM Client-Info Server Version: 1.5.9
 2020-09-25 12:19:05 PM Middleware::Response Success
 2020-09-25 12:19:05 PM DisplayManager ERROR: Invalid settings provided
------------------------------------------------------------------------------

 2020-09-25 12:19:05 PM Service Sleeping for 71 seconds
 2020-09-25 12:20:16 PM Middleware::Response Success

------------------------------------------------------------------------------
----------------------------------AutoLogOut----------------------------------
------------------------------------------------------------------------------
 2020-09-25 12:20:16 PM Client-Info Client Version: 0.12.0
 2020-09-25 12:20:16 PM Client-Info Client OS:      Windows
 2020-09-25 12:20:16 PM Client-Info Server Version: 1.5.9
 2020-09-25 12:20:16 PM Middleware::Response Success
------------------------------------------------------------------------------


------------------------------------------------------------------------------
-----------------------------DefaultPrinterManager----------------------------
------------------------------------------------------------------------------
 2020-09-25 12:20:16 PM Client-Info Client Version: 0.12.0
 2020-09-25 12:20:16 PM Client-Info Client OS:      Windows
 2020-09-25 12:20:16 PM Client-Info Server Version: 1.5.9
 2020-09-25 12:20:16 PM Middleware::Response Success
------------------------------------------------------------------------------


------------------------------------------------------------------------------
--------------------------------DisplayManager--------------------------------
------------------------------------------------------------------------------
 2020-09-25 12:20:16 PM Client-Info Client Version: 0.12.0
 2020-09-25 12:20:16 PM Client-Info Client OS:      Windows
 2020-09-25 12:20:16 PM Client-Info Server Version: 1.5.9
 2020-09-25 12:20:16 PM Middleware::Response Success
 2020-09-25 12:20:16 PM DisplayManager ERROR: Invalid settings provided
------------------------------------------------------------------------------

 2020-09-25 12:20:16 PM Service Sleeping for 71 seconds
 2020-09-25 12:21:27 PM Middleware::Response Success

------------------------------------------------------------------------------
----------------------------------AutoLogOut----------------------------------
------------------------------------------------------------------------------
 2020-09-25 12:21:27 PM Client-Info Client Version: 0.12.0
 2020-09-25 12:21:27 PM Client-Info Client OS:      Windows
 2020-09-25 12:21:27 PM Client-Info Server Version: 1.5.9
 2020-09-25 12:21:27 PM Middleware::Response Success
------------------------------------------------------------------------------


------------------------------------------------------------------------------
-----------------------------DefaultPrinterManager----------------------------
------------------------------------------------------------------------------
 2020-09-25 12:21:27 PM Client-Info Client Version: 0.12.0
 2020-09-25 12:21:27 PM Client-Info Client OS:      Windows
 2020-09-25 12:21:27 PM Client-Info Server Version: 1.5.9
 2020-09-25 12:21:27 PM Middleware::Response Success
------------------------------------------------------------------------------


------------------------------------------------------------------------------
--------------------------------DisplayManager--------------------------------
------------------------------------------------------------------------------
 2020-09-25 12:21:27 PM Client-Info Client Version: 0.12.0
 2020-09-25 12:21:27 PM Client-Info Client OS:      Windows
 2020-09-25 12:21:27 PM Client-Info Server Version: 1.5.9
 2020-09-25 12:21:27 PM Middleware::Response Success
 2020-09-25 12:21:27 PM DisplayManager ERROR: Invalid settings provided
------------------------------------------------------------------------------

 2020-09-25 12:21:27 PM Service Sleeping for 67 seconds
 2020-09-25 12:22:34 PM Middleware::Response Success

------------------------------------------------------------------------------
----------------------------------AutoLogOut----------------------------------
------------------------------------------------------------------------------
 2020-09-25 12:22:34 PM Client-Info Client Version: 0.12.0
 2020-09-25 12:22:34 PM Client-Info Client OS:      Windows
 2020-09-25 12:22:34 PM Client-Info Server Version: 1.5.9
 2020-09-25 12:22:34 PM Middleware::Response Success
------------------------------------------------------------------------------


------------------------------------------------------------------------------
-----------------------------DefaultPrinterManager----------------------------
------------------------------------------------------------------------------
 2020-09-25 12:22:34 PM Client-Info Client Version: 0.12.0
 2020-09-25 12:22:34 PM Client-Info Client OS:      Windows
 2020-09-25 12:22:34 PM Client-Info Server Version: 1.5.9
 2020-09-25 12:22:34 PM Middleware::Response Success
------------------------------------------------------------------------------


------------------------------------------------------------------------------
--------------------------------DisplayManager--------------------------------
------------------------------------------------------------------------------
 2020-09-25 12:22:34 PM Client-Info Client Version: 0.12.0
 2020-09-25 12:22:34 PM Client-Info Client OS:      Windows
 2020-09-25 12:22:34 PM Client-Info Server Version: 1.5.9
 2020-09-25 12:22:34 PM Middleware::Response Success
 2020-09-25 12:22:34 PM DisplayManager ERROR: Invalid settings provided
------------------------------------------------------------------------------

 2020-09-25 12:22:34 PM Service Sleeping for 67 seconds
 2020-09-25 12:23:41 PM Middleware::Response Success

------------------------------------------------------------------------------
----------------------------------AutoLogOut----------------------------------
------------------------------------------------------------------------------
 2020-09-25 12:23:41 PM Client-Info Client Version: 0.12.0
 2020-09-25 12:23:41 PM Client-Info Client OS:      Windows
 2020-09-25 12:23:41 PM Client-Info Server Version: 1.5.9
 2020-09-25 12:23:41 PM Middleware::Response Success
------------------------------------------------------------------------------


------------------------------------------------------------------------------
-----------------------------DefaultPrinterManager----------------------------
------------------------------------------------------------------------------
 2020-09-25 12:23:41 PM Client-Info Client Version: 0.12.0
 2020-09-25 12:23:41 PM Client-Info Client OS:      Windows
 2020-09-25 12:23:41 PM Client-Info Server Version: 1.5.9
 2020-09-25 12:23:41 PM Middleware::Response Success
------------------------------------------------------------------------------


------------------------------------------------------------------------------
--------------------------------DisplayManager--------------------------------
------------------------------------------------------------------------------
 2020-09-25 12:23:41 PM Client-Info Client Version: 0.12.0
 2020-09-25 12:23:41 PM Client-Info Client OS:      Windows
 2020-09-25 12:23:41 PM Client-Info Server Version: 1.5.9
 2020-09-25 12:23:41 PM Middleware::Response Success
 2020-09-25 12:23:41 PM DisplayManager ERROR: Invalid settings provided
------------------------------------------------------------------------------

 2020-09-25 12:23:41 PM Service Sleeping for 106 seconds
 2020-09-25 12:25:27 PM Middleware::Response Success

------------------------------------------------------------------------------
----------------------------------AutoLogOut----------------------------------
------------------------------------------------------------------------------
 2020-09-25 12:25:27 PM Client-Info Client Version: 0.12.0
 2020-09-25 12:25:27 PM Client-Info Client OS:      Windows
 2020-09-25 12:25:27 PM Client-Info Server Version: 1.5.9
 2020-09-25 12:25:27 PM Middleware::Response Success
------------------------------------------------------------------------------


------------------------------------------------------------------------------
-----------------------------DefaultPrinterManager----------------------------
------------------------------------------------------------------------------
 2020-09-25 12:25:27 PM Client-Info Client Version: 0.12.0
 2020-09-25 12:25:27 PM Client-Info Client OS:      Windows
 2020-09-25 12:25:27 PM Client-Info Server Version: 1.5.9
 2020-09-25 12:25:27 PM Middleware::Response Success
------------------------------------------------------------------------------


------------------------------------------------------------------------------
--------------------------------DisplayManager--------------------------------
------------------------------------------------------------------------------
 2020-09-25 12:25:27 PM Client-Info Client Version: 0.12.0
 2020-09-25 12:25:27 PM Client-Info Client OS:      Windows
 2020-09-25 12:25:27 PM Client-Info Server Version: 1.5.9
 2020-09-25 12:25:27 PM Middleware::Response Success
 2020-09-25 12:25:27 PM DisplayManager ERROR: Invalid settings provided
------------------------------------------------------------------------------

 2020-09-25 12:25:27 PM Service Sleeping for 118 seconds
 2020-09-25 12:27:25 PM Middleware::Response Success

------------------------------------------------------------------------------
----------------------------------AutoLogOut----------------------------------
------------------------------------------------------------------------------
 2020-09-25 12:27:25 PM Client-Info Client Version: 0.12.0
 2020-09-25 12:27:25 PM Client-Info Client OS:      Windows
 2020-09-25 12:27:25 PM Client-Info Server Version: 1.5.9
 2020-09-25 12:27:25 PM Middleware::Response Success
------------------------------------------------------------------------------


------------------------------------------------------------------------------
-----------------------------DefaultPrinterManager----------------------------
------------------------------------------------------------------------------
 2020-09-25 12:27:25 PM Client-Info Client Version: 0.12.0
 2020-09-25 12:27:25 PM Client-Info Client OS:      Windows
 2020-09-25 12:27:25 PM Client-Info Server Version: 1.5.9
 2020-09-25 12:27:25 PM Middleware::Response Success
------------------------------------------------------------------------------


------------------------------------------------------------------------------
--------------------------------DisplayManager--------------------------------
------------------------------------------------------------------------------
 2020-09-25 12:27:25 PM Client-Info Client Version: 0.12.0
 2020-09-25 12:27:25 PM Client-Info Client OS:      Windows
 2020-09-25 12:27:25 PM Client-Info Server Version: 1.5.9
 2020-09-25 12:27:25 PM Middleware::Response Success
 2020-09-25 12:27:25 PM DisplayManager ERROR: Invalid settings provided
------------------------------------------------------------------------------

 2020-09-25 12:27:25 PM Service Sleeping for 111 seconds
 2020-09-25 12:29:16 PM Middleware::Response Success

------------------------------------------------------------------------------
----------------------------------AutoLogOut----------------------------------
------------------------------------------------------------------------------
 2020-09-25 12:29:16 PM Client-Info Client Version: 0.12.0
 2020-09-25 12:29:16 PM Client-Info Client OS:      Windows
 2020-09-25 12:29:16 PM Client-Info Server Version: 1.5.9
 2020-09-25 12:29:16 PM Middleware::Response Success
------------------------------------------------------------------------------


------------------------------------------------------------------------------
-----------------------------DefaultPrinterManager----------------------------
------------------------------------------------------------------------------
 2020-09-25 12:29:16 PM Client-Info Client Version: 0.12.0
 2020-09-25 12:29:16 PM Client-Info Client OS:      Windows
 2020-09-25 12:29:16 PM Client-Info Server Version: 1.5.9
 2020-09-25 12:29:16 PM Middleware::Response Success
------------------------------------------------------------------------------


------------------------------------------------------------------------------
--------------------------------DisplayManager--------------------------------
------------------------------------------------------------------------------
 2020-09-25 12:29:17 PM Client-Info Client Version: 0.12.0
 2020-09-25 12:29:17 PM Client-Info Client OS:      Windows
 2020-09-25 12:29:17 PM Client-Info Server Version: 1.5.9
 2020-09-25 12:29:17 PM Middleware::Response Success
 2020-09-25 12:29:17 PM DisplayManager ERROR: Invalid settings provided
------------------------------------------------------------------------------

 2020-09-25 12:29:17 PM Service Sleeping for 122 seconds

 2020-09-25 12:34:35 PM Service Starting service
 2020-09-25 12:34:35 PM Bus Became bus client

 2020-09-25 12:34:35 PM Middleware::Response Success
 2020-09-25 12:34:35 PM Bus::Client Connection established
 2020-09-25 12:34:35 PM Service Initializing modules

------------------------------------------------------------------------------
----------------------------------AutoLogOut----------------------------------
------------------------------------------------------------------------------
 2020-09-25 12:34:35 PM Client-Info Client Version: 0.12.0
 2020-09-25 12:34:35 PM Client-Info Client OS:      Windows
 2020-09-25 12:34:35 PM Client-Info Server Version: 1.5.9
 2020-09-25 12:34:35 PM Middleware::Response Success
------------------------------------------------------------------------------


------------------------------------------------------------------------------
-----------------------------DefaultPrinterManager----------------------------
------------------------------------------------------------------------------
 2020-09-25 12:34:36 PM Client-Info Client Version: 0.12.0
 2020-09-25 12:34:36 PM Client-Info Client OS:      Windows
 2020-09-25 12:34:36 PM Client-Info Server Version: 1.5.9
 2020-09-25 12:34:36 PM Middleware::Response Success
------------------------------------------------------------------------------


------------------------------------------------------------------------------
--------------------------------DisplayManager--------------------------------
------------------------------------------------------------------------------
 2020-09-25 12:34:36 PM Client-Info Client Version: 0.12.0
 2020-09-25 12:34:36 PM Client-Info Client OS:      Windows
 2020-09-25 12:34:36 PM Client-Info Server Version: 1.5.9
 2020-09-25 12:34:36 PM Middleware::Response Success
 2020-09-25 12:34:36 PM DisplayManager ERROR: Invalid settings provided
------------------------------------------------------------------------------

 2020-09-25 12:34:36 PM Service Sleeping for 151 seconds
 2020-09-25 12:37:07 PM Middleware::Response Success

------------------------------------------------------------------------------
----------------------------------AutoLogOut----------------------------------
------------------------------------------------------------------------------
 2020-09-25 12:37:07 PM Client-Info Client Version: 0.12.0
 2020-09-25 12:37:07 PM Client-Info Client OS:      Windows
 2020-09-25 12:37:07 PM Client-Info Server Version: 1.5.9
 2020-09-25 12:37:07 PM Middleware::Response Success
------------------------------------------------------------------------------


------------------------------------------------------------------------------
-----------------------------DefaultPrinterManager----------------------------
------------------------------------------------------------------------------
 2020-09-25 12:37:07 PM Client-Info Client Version: 0.12.0
 2020-09-25 12:37:07 PM Client-Info Client OS:      Windows
 2020-09-25 12:37:07 PM Client-Info Server Version: 1.5.9
 2020-09-25 12:37:07 PM Middleware::Response Success
------------------------------------------------------------------------------


------------------------------------------------------------------------------
--------------------------------DisplayManager--------------------------------
------------------------------------------------------------------------------
 2020-09-25 12:37:07 PM Client-Info Client Version: 0.12.0
 2020-09-25 12:37:07 PM Client-Info Client OS:      Windows
 2020-09-25 12:37:07 PM Client-Info Server Version: 1.5.9
 2020-09-25 12:37:07 PM Middleware::Response Success
 2020-09-25 12:37:07 PM DisplayManager ERROR: Invalid settings provided
------------------------------------------------------------------------------

 2020-09-25 12:37:07 PM Service Sleeping for 151 seconds
 2020-09-25 12:39:38 PM Middleware::Response Success

------------------------------------------------------------------------------
----------------------------------AutoLogOut----------------------------------
------------------------------------------------------------------------------
 2020-09-25 12:39:38 PM Client-Info Client Version: 0.12.0
 2020-09-25 12:39:38 PM Client-Info Client OS:      Windows
 2020-09-25 12:39:38 PM Client-Info Server Version: 1.5.9
 2020-09-25 12:39:38 PM Middleware::Response Success
------------------------------------------------------------------------------


------------------------------------------------------------------------------
-----------------------------DefaultPrinterManager----------------------------
------------------------------------------------------------------------------
 2020-09-25 12:39:38 PM Client-Info Client Version: 0.12.0
 2020-09-25 12:39:38 PM Client-Info Client OS:      Windows
 2020-09-25 12:39:38 PM Client-Info Server Version: 1.5.9
 2020-09-25 12:39:38 PM Middleware::Response Success
------------------------------------------------------------------------------


------------------------------------------------------------------------------
--------------------------------DisplayManager--------------------------------
------------------------------------------------------------------------------
 2020-09-25 12:39:38 PM Client-Info Client Version: 0.12.0
 2020-09-25 12:39:38 PM Client-Info Client OS:      Windows
 2020-09-25 12:39:38 PM Client-Info Server Version: 1.5.9
 2020-09-25 12:39:38 PM Middleware::Response Success
 2020-09-25 12:39:38 PM DisplayManager ERROR: Invalid settings provided
------------------------------------------------------------------------------

 2020-09-25 12:39:38 PM Service Sleeping for 151 seconds
 2020-09-25 12:42:09 PM Middleware::Response Success

------------------------------------------------------------------------------
----------------------------------AutoLogOut----------------------------------
------------------------------------------------------------------------------
 2020-09-25 12:42:09 PM Client-Info Client Version: 0.12.0
 2020-09-25 12:42:09 PM Client-Info Client OS:      Windows
 2020-09-25 12:42:09 PM Client-Info Server Version: 1.5.9
 2020-09-25 12:42:09 PM Middleware::Response Success
------------------------------------------------------------------------------


------------------------------------------------------------------------------
-----------------------------DefaultPrinterManager----------------------------
------------------------------------------------------------------------------
 2020-09-25 12:42:09 PM Client-Info Client Version: 0.12.0
 2020-09-25 12:42:09 PM Client-Info Client OS:      Windows
 2020-09-25 12:42:09 PM Client-Info Server Version: 1.5.9
 2020-09-25 12:42:09 PM Middleware::Response Success
------------------------------------------------------------------------------


------------------------------------------------------------------------------
--------------------------------DisplayManager--------------------------------
------------------------------------------------------------------------------
 2020-09-25 12:42:09 PM Client-Info Client Version: 0.12.0
 2020-09-25 12:42:09 PM Client-Info Client OS:      Windows
 2020-09-25 12:42:09 PM Client-Info Server Version: 1.5.9
 2020-09-25 12:42:09 PM Middleware::Response Success
 2020-09-25 12:42:09 PM DisplayManager ERROR: Invalid settings provided
------------------------------------------------------------------------------

 2020-09-25 12:42:09 PM Service Sleeping for 151 seconds
 2020-09-25 12:44:40 PM Middleware::Response Success

------------------------------------------------------------------------------
----------------------------------AutoLogOut----------------------------------
------------------------------------------------------------------------------
 2020-09-25 12:44:40 PM Client-Info Client Version: 0.12.0
 2020-09-25 12:44:40 PM Client-Info Client OS:      Windows
 2020-09-25 12:44:40 PM Client-Info Server Version: 1.5.9
 2020-09-25 12:44:40 PM Middleware::Response Success
------------------------------------------------------------------------------


------------------------------------------------------------------------------
-----------------------------DefaultPrinterManager----------------------------
------------------------------------------------------------------------------
 2020-09-25 12:44:40 PM Client-Info Client Version: 0.12.0
 2020-09-25 12:44:40 PM Client-Info Client OS:      Windows
 2020-09-25 12:44:40 PM Client-Info Server Version: 1.5.9
 2020-09-25 12:44:40 PM Middleware::Response Success
------------------------------------------------------------------------------


------------------------------------------------------------------------------
--------------------------------DisplayManager--------------------------------
------------------------------------------------------------------------------
 2020-09-25 12:44:40 PM Client-Info Client Version: 0.12.0
 2020-09-25 12:44:40 PM Client-Info Client OS:      Windows
 2020-09-25 12:44:40 PM Client-Info Server Version: 1.5.9
 2020-09-25 12:44:40 PM Middleware::Response Success
 2020-09-25 12:44:40 PM DisplayManager ERROR: Invalid settings provided
------------------------------------------------------------------------------

 2020-09-25 12:44:40 PM Service Sleeping for 89 seconds

 2020-09-25 2:15:46 PM Service Starting service
 2020-09-25 2:15:47 PM Bus Became bus client

 2020-09-25 2:15:47 PM Middleware::Response Success
 2020-09-25 2:15:47 PM Service Initializing modules

------------------------------------------------------------------------------
----------------------------------AutoLogOut----------------------------------
------------------------------------------------------------------------------
 2020-09-25 2:15:47 PM Client-Info Client Version: 0.12.0
 2020-09-25 2:15:47 PM Client-Info Client OS:      Windows
 2020-09-25 2:15:47 PM Client-Info Server Version: 1.5.9
 2020-09-25 2:15:47 PM Middleware::Response Success
------------------------------------------------------------------------------


------------------------------------------------------------------------------
-----------------------------DefaultPrinterManager----------------------------
------------------------------------------------------------------------------
 2020-09-25 2:15:47 PM Client-Info Client Version: 0.12.0
 2020-09-25 2:15:47 PM Client-Info Client OS:      Windows
 2020-09-25 2:15:47 PM Client-Info Server Version: 1.5.9
 2020-09-25 2:15:47 PM Middleware::Response Success
------------------------------------------------------------------------------


------------------------------------------------------------------------------
--------------------------------DisplayManager--------------------------------
------------------------------------------------------------------------------
 2020-09-25 2:15:47 PM Client-Info Client Version: 0.12.0
 2020-09-25 2:15:47 PM Client-Info Client OS:      Windows
 2020-09-25 2:15:47 PM Client-Info Server Version: 1.5.9
 2020-09-25 2:15:47 PM Middleware::Response Success
 2020-09-25 2:15:47 PM DisplayManager ERROR: Invalid settings provided
------------------------------------------------------------------------------

 2020-09-25 2:15:47 PM Service Sleeping for 86 seconds
 2020-09-25 2:15:49 PM Bus::Client ERROR: No connection could be made because the target machine actively refused it
 2020-09-25 2:15:49 PM Bus::Client ERROR: Connection lost due to socket error
 2020-09-25 2:16:21 PM Bus::Client ERROR: No connection could be made because the target machine actively refused it
 2020-09-25 2:16:50 PM Bus::Client Connection established
 2020-09-25 2:17:13 PM Middleware::Response Success

------------------------------------------------------------------------------
----------------------------------AutoLogOut----------------------------------
------------------------------------------------------------------------------
 2020-09-25 2:17:13 PM Client-Info Client Version: 0.12.0
 2020-09-25 2:17:13 PM Client-Info Client OS:      Windows
 2020-09-25 2:17:13 PM Client-Info Server Version: 1.5.9
 2020-09-25 2:17:13 PM Middleware::Response Success
------------------------------------------------------------------------------


------------------------------------------------------------------------------
-----------------------------DefaultPrinterManager----------------------------
------------------------------------------------------------------------------
 2020-09-25 2:17:13 PM Client-Info Client Version: 0.12.0
 2020-09-25 2:17:13 PM Client-Info Client OS:      Windows
 2020-09-25 2:17:13 PM Client-Info Server Version: 1.5.9
 2020-09-25 2:17:13 PM Middleware::Response Success
------------------------------------------------------------------------------


------------------------------------------------------------------------------
--------------------------------DisplayManager--------------------------------
------------------------------------------------------------------------------
 2020-09-25 2:17:13 PM Client-Info Client Version: 0.12.0
 2020-09-25 2:17:13 PM Client-Info Client OS:      Windows
 2020-09-25 2:17:13 PM Client-Info Server Version: 1.5.9
 2020-09-25 2:17:13 PM Middleware::Response Success
 2020-09-25 2:17:13 PM DisplayManager ERROR: Invalid settings provided
------------------------------------------------------------------------------

 2020-09-25 2:17:13 PM Service Sleeping for 86 seconds
 2020-09-25 2:18:39 PM Middleware::Response Success

------------------------------------------------------------------------------
----------------------------------AutoLogOut----------------------------------
------------------------------------------------------------------------------
 2020-09-25 2:18:39 PM Client-Info Client Version: 0.12.0
 2020-09-25 2:18:39 PM Client-Info Client OS:      Windows
 2020-09-25 2:18:39 PM Client-Info Server Version: 1.5.9
 2020-09-25 2:18:39 PM Middleware::Response Success
------------------------------------------------------------------------------


------------------------------------------------------------------------------
-----------------------------DefaultPrinterManager----------------------------
------------------------------------------------------------------------------
 2020-09-25 2:18:39 PM Client-Info Client Version: 0.12.0
 2020-09-25 2:18:39 PM Client-Info Client OS:      Windows
 2020-09-25 2:18:39 PM Client-Info Server Version: 1.5.9
 2020-09-25 2:18:39 PM Middleware::Response Success
------------------------------------------------------------------------------


------------------------------------------------------------------------------
--------------------------------DisplayManager--------------------------------
------------------------------------------------------------------------------
 2020-09-25 2:18:39 PM Client-Info Client Version: 0.12.0
 2020-09-25 2:18:39 PM Client-Info Client OS:      Windows
 2020-09-25 2:18:39 PM Client-Info Server Version: 1.5.9
 2020-09-25 2:18:39 PM Middleware::Response Success
 2020-09-25 2:18:39 PM DisplayManager ERROR: Invalid settings provided
------------------------------------------------------------------------------

 2020-09-25 2:18:39 PM Service Sleeping for 86 seconds
 2020-09-25 2:20:05 PM Middleware::Response Success

------------------------------------------------------------------------------
----------------------------------AutoLogOut----------------------------------
------------------------------------------------------------------------------
 2020-09-25 2:20:05 PM Client-Info Client Version: 0.12.0
 2020-09-25 2:20:05 PM Client-Info Client OS:      Windows
 2020-09-25 2:20:05 PM Client-Info Server Version: 1.5.9
 2020-09-25 2:20:05 PM Middleware::Response Success
------------------------------------------------------------------------------


------------------------------------------------------------------------------
-----------------------------DefaultPrinterManager----------------------------
------------------------------------------------------------------------------
 2020-09-25 2:20:05 PM Client-Info Client Version: 0.12.0
 2020-09-25 2:20:05 PM Client-Info Client OS:      Windows
 2020-09-25 2:20:05 PM Client-Info Server Version: 1.5.9
 2020-09-25 2:20:05 PM Middleware::Response Success
------------------------------------------------------------------------------


------------------------------------------------------------------------------
--------------------------------DisplayManager--------------------------------
------------------------------------------------------------------------------
 2020-09-25 2:20:05 PM Client-Info Client Version: 0.12.0
 2020-09-25 2:20:05 PM Client-Info Client OS:      Windows
 2020-09-25 2:20:05 PM Client-Info Server Version: 1.5.9
 2020-09-25 2:20:05 PM Middleware::Response Success
 2020-09-25 2:20:05 PM DisplayManager ERROR: Invalid settings provided
------------------------------------------------------------------------------

 2020-09-25 2:20:05 PM Service Sleeping for 86 seconds
 2020-09-25 2:21:31 PM Middleware::Response Success

------------------------------------------------------------------------------
----------------------------------AutoLogOut----------------------------------
------------------------------------------------------------------------------
 2020-09-25 2:21:31 PM Client-Info Client Version: 0.12.0
 2020-09-25 2:21:31 PM Client-Info Client OS:      Windows
 2020-09-25 2:21:31 PM Client-Info Server Version: 1.5.9
 2020-09-25 2:21:31 PM Middleware::Response Success
------------------------------------------------------------------------------


------------------------------------------------------------------------------
-----------------------------DefaultPrinterManager----------------------------
------------------------------------------------------------------------------
 2020-09-25 2:21:31 PM Client-Info Client Version: 0.12.0
 2020-09-25 2:21:31 PM Client-Info Client OS:      Windows
 2020-09-25 2:21:31 PM Client-Info Server Version: 1.5.9
 2020-09-25 2:21:31 PM Middleware::Response Success
------------------------------------------------------------------------------


------------------------------------------------------------------------------
--------------------------------DisplayManager--------------------------------
------------------------------------------------------------------------------
 2020-09-25 2:21:31 PM Client-Info Client Version: 0.12.0
 2020-09-25 2:21:31 PM Client-Info Client OS:      Windows
 2020-09-25 2:21:31 PM Client-Info Server Version: 1.5.9
 2020-09-25 2:21:31 PM Middleware::Response Success
 2020-09-25 2:21:31 PM DisplayManager ERROR: Invalid settings provided
------------------------------------------------------------------------------

 2020-09-25 2:21:31 PM Service Sleeping for 86 seconds
 2020-09-25 2:22:57 PM Middleware::Response Success

------------------------------------------------------------------------------
----------------------------------AutoLogOut----------------------------------
------------------------------------------------------------------------------
 2020-09-25 2:22:57 PM Client-Info Client Version: 0.12.0
 2020-09-25 2:22:57 PM Client-Info Client OS:      Windows
 2020-09-25 2:22:57 PM Client-Info Server Version: 1.5.9
 2020-09-25 2:22:57 PM Middleware::Response Success
------------------------------------------------------------------------------


------------------------------------------------------------------------------
-----------------------------DefaultPrinterManager----------------------------
------------------------------------------------------------------------------
 2020-09-25 2:22:57 PM Client-Info Client Version: 0.12.0
 2020-09-25 2:22:57 PM Client-Info Client OS:      Windows
 2020-09-25 2:22:57 PM Client-Info Server Version: 1.5.9
 2020-09-25 2:22:57 PM Middleware::Response Success
------------------------------------------------------------------------------


------------------------------------------------------------------------------
--------------------------------DisplayManager--------------------------------
------------------------------------------------------------------------------
 2020-09-25 2:22:57 PM Client-Info Client Version: 0.12.0
 2020-09-25 2:22:57 PM Client-Info Client OS:      Windows
 2020-09-25 2:22:57 PM Client-Info Server Version: 1.5.9
 2020-09-25 2:22:57 PM Middleware::Response Success
 2020-09-25 2:22:57 PM DisplayManager ERROR: Invalid settings provided
------------------------------------------------------------------------------

 2020-09-25 2:22:57 PM Service Sleeping for 86 seconds
 2020-09-25 2:24:23 PM Middleware::Response Success

------------------------------------------------------------------------------
----------------------------------AutoLogOut----------------------------------
------------------------------------------------------------------------------
 2020-09-25 2:24:23 PM Client-Info Client Version: 0.12.0
 2020-09-25 2:24:23 PM Client-Info Client OS:      Windows
 2020-09-25 2:24:23 PM Client-Info Server Version: 1.5.9
 2020-09-25 2:24:23 PM Middleware::Response Success
------------------------------------------------------------------------------


------------------------------------------------------------------------------
-----------------------------DefaultPrinterManager----------------------------
------------------------------------------------------------------------------
 2020-09-25 2:24:23 PM Client-Info Client Version: 0.12.0
 2020-09-25 2:24:23 PM Client-Info Client OS:      Windows
 2020-09-25 2:24:23 PM Client-Info Server Version: 1.5.9
 2020-09-25 2:24:23 PM Middleware::Response Success
------------------------------------------------------------------------------


------------------------------------------------------------------------------
--------------------------------DisplayManager--------------------------------
------------------------------------------------------------------------------
 2020-09-25 2:24:23 PM Client-Info Client Version: 0.12.0
 2020-09-25 2:24:23 PM Client-Info Client OS:      Windows
 2020-09-25 2:24:23 PM Client-Info Server Version: 1.5.9
 2020-09-25 2:24:23 PM Middleware::Response Success
 2020-09-25 2:24:23 PM DisplayManager ERROR: Invalid settings provided
------------------------------------------------------------------------------

 2020-09-25 2:24:23 PM Service Sleeping for 86 seconds
 2020-09-25 2:25:49 PM Middleware::Response Success

------------------------------------------------------------------------------
----------------------------------AutoLogOut----------------------------------
------------------------------------------------------------------------------
 2020-09-25 2:25:49 PM Client-Info Client Version: 0.12.0
 2020-09-25 2:25:49 PM Client-Info Client OS:      Windows
 2020-09-25 2:25:49 PM Client-Info Server Version: 1.5.9
 2020-09-25 2:25:49 PM Middleware::Response Success
------------------------------------------------------------------------------


------------------------------------------------------------------------------
-----------------------------DefaultPrinterManager----------------------------
------------------------------------------------------------------------------
 2020-09-25 2:25:49 PM Client-Info Client Version: 0.12.0
 2020-09-25 2:25:49 PM Client-Info Client OS:      Windows
 2020-09-25 2:25:49 PM Client-Info Server Version: 1.5.9
 2020-09-25 2:25:49 PM Middleware::Response Success
------------------------------------------------------------------------------


------------------------------------------------------------------------------
--------------------------------DisplayManager--------------------------------
------------------------------------------------------------------------------
 2020-09-25 2:25:49 PM Client-Info Client Version: 0.12.0
 2020-09-25 2:25:49 PM Client-Info Client OS:      Windows
 2020-09-25 2:25:49 PM Client-Info Server Version: 1.5.9
 2020-09-25 2:25:49 PM Middleware::Response Success
 2020-09-25 2:25:49 PM DisplayManager ERROR: Invalid settings provided
------------------------------------------------------------------------------

 2020-09-25 2:25:49 PM Service Sleeping for 86 seconds
 2020-09-25 2:27:16 PM Middleware::Response Success

------------------------------------------------------------------------------
----------------------------------AutoLogOut----------------------------------
------------------------------------------------------------------------------
 2020-09-25 2:27:16 PM Client-Info Client Version: 0.12.0
 2020-09-25 2:27:16 PM Client-Info Client OS:      Windows
 2020-09-25 2:27:16 PM Client-Info Server Version: 1.5.9
 2020-09-25 2:27:16 PM Middleware::Response Success
------------------------------------------------------------------------------


------------------------------------------------------------------------------
-----------------------------DefaultPrinterManager----------------------------
------------------------------------------------------------------------------
 2020-09-25 2:27:16 PM Client-Info Client Version: 0.12.0
 2020-09-25 2:27:16 PM Client-Info Client OS:      Windows
 2020-09-25 2:27:16 PM Client-Info Server Version: 1.5.9
 2020-09-25 2:27:16 PM Middleware::Response Success
------------------------------------------------------------------------------


------------------------------------------------------------------------------
--------------------------------DisplayManager--------------------------------
------------------------------------------------------------------------------
 2020-09-25 2:27:16 PM Client-Info Client Version: 0.12.0
 2020-09-25 2:27:16 PM Client-Info Client OS:      Windows
 2020-09-25 2:27:16 PM Client-Info Server Version: 1.5.9
 2020-09-25 2:27:16 PM Middleware::Response Success
 2020-09-25 2:27:16 PM DisplayManager ERROR: Invalid settings provided
------------------------------------------------------------------------------

 2020-09-25 2:27:16 PM Service Sleeping for 117 seconds
 2020-09-25 2:29:13 PM Middleware::Response Success

------------------------------------------------------------------------------
----------------------------------AutoLogOut----------------------------------
------------------------------------------------------------------------------
 2020-09-25 2:29:13 PM Client-Info Client Version: 0.12.0
 2020-09-25 2:29:13 PM Client-Info Client OS:      Windows
 2020-09-25 2:29:13 PM Client-Info Server Version: 1.5.9
 2020-09-25 2:29:13 PM Middleware::Response Success
------------------------------------------------------------------------------


------------------------------------------------------------------------------
-----------------------------DefaultPrinterManager----------------------------
------------------------------------------------------------------------------
 2020-09-25 2:29:13 PM Client-Info Client Version: 0.12.0
 2020-09-25 2:29:13 PM Client-Info Client OS:      Windows
 2020-09-25 2:29:13 PM Client-Info Server Version: 1.5.9
 2020-09-25 2:29:13 PM Middleware::Response Success
------------------------------------------------------------------------------


------------------------------------------------------------------------------
--------------------------------DisplayManager--------------------------------
------------------------------------------------------------------------------
 2020-09-25 2:29:13 PM Client-Info Client Version: 0.12.0
 2020-09-25 2:29:13 PM Client-Info Client OS:      Windows
 2020-09-25 2:29:13 PM Client-Info Server Version: 1.5.9
 2020-09-25 2:29:13 PM Middleware::Response Success
 2020-09-25 2:29:13 PM DisplayManager ERROR: Invalid settings provided
------------------------------------------------------------------------------

 2020-09-25 2:29:13 PM Service Sleeping for 61 seconds
 2020-09-25 2:30:14 PM Middleware::Response Success

------------------------------------------------------------------------------
----------------------------------AutoLogOut----------------------------------
------------------------------------------------------------------------------
 2020-09-25 2:30:14 PM Client-Info Client Version: 0.12.0
 2020-09-25 2:30:14 PM Client-Info Client OS:      Windows
 2020-09-25 2:30:14 PM Client-Info Server Version: 1.5.9
 2020-09-25 2:30:14 PM Middleware::Response Success
------------------------------------------------------------------------------


------------------------------------------------------------------------------
-----------------------------DefaultPrinterManager----------------------------
------------------------------------------------------------------------------
 2020-09-25 2:30:14 PM Client-Info Client Version: 0.12.0
 2020-09-25 2:30:14 PM Client-Info Client OS:      Windows
 2020-09-25 2:30:14 PM Client-Info Server Version: 1.5.9
 2020-09-25 2:30:14 PM Middleware::Response Success
------------------------------------------------------------------------------


------------------------------------------------------------------------------
--------------------------------DisplayManager--------------------------------
------------------------------------------------------------------------------
 2020-09-25 2:30:14 PM Client-Info Client Version: 0.12.0
 2020-09-25 2:30:14 PM Client-Info Client OS:      Windows
 2020-09-25 2:30:14 PM Client-Info Server Version: 1.5.9
 2020-09-25 2:30:14 PM Middleware::Response Success
 2020-09-25 2:30:14 PM DisplayManager ERROR: Invalid settings provided
------------------------------------------------------------------------------

 2020-09-25 2:30:14 PM Service Sleeping for 61 seconds
 2020-09-25 2:31:15 PM Middleware::Response Success

------------------------------------------------------------------------------
----------------------------------AutoLogOut----------------------------------
------------------------------------------------------------------------------
 2020-09-25 2:31:15 PM Client-Info Client Version: 0.12.0
 2020-09-25 2:31:15 PM Client-Info Client OS:      Windows
 2020-09-25 2:31:15 PM Client-Info Server Version: 1.5.9
 2020-09-25 2:31:15 PM Middleware::Response Success
------------------------------------------------------------------------------


------------------------------------------------------------------------------
-----------------------------DefaultPrinterManager----------------------------
------------------------------------------------------------------------------
 2020-09-25 2:31:15 PM Client-Info Client Version: 0.12.0
 2020-09-25 2:31:15 PM Client-Info Client OS:      Windows
 2020-09-25 2:31:15 PM Client-Info Server Version: 1.5.9
 2020-09-25 2:31:15 PM Middleware::Response Success
------------------------------------------------------------------------------


------------------------------------------------------------------------------
--------------------------------DisplayManager--------------------------------
------------------------------------------------------------------------------
 2020-09-25 2:31:15 PM Client-Info Client Version: 0.12.0
 2020-09-25 2:31:15 PM Client-Info Client OS:      Windows
 2020-09-25 2:31:15 PM Client-Info Server Version: 1.5.9
 2020-09-25 2:31:15 PM Middleware::Response Success
 2020-09-25 2:31:15 PM DisplayManager ERROR: Invalid settings provided
------------------------------------------------------------------------------

 2020-09-25 2:31:15 PM Service Sleeping for 103 seconds
 2020-09-25 2:32:58 PM Middleware::Response Success

------------------------------------------------------------------------------
----------------------------------AutoLogOut----------------------------------
------------------------------------------------------------------------------
 2020-09-25 2:32:58 PM Client-Info Client Version: 0.12.0
 2020-09-25 2:32:58 PM Client-Info Client OS:      Windows
 2020-09-25 2:32:58 PM Client-Info Server Version: 1.5.9
 2020-09-25 2:32:58 PM Middleware::Response Success
------------------------------------------------------------------------------


------------------------------------------------------------------------------
-----------------------------DefaultPrinterManager----------------------------
------------------------------------------------------------------------------
 2020-09-25 2:32:58 PM Client-Info Client Version: 0.12.0
 2020-09-25 2:32:58 PM Client-Info Client OS:      Windows
 2020-09-25 2:32:58 PM Client-Info Server Version: 1.5.9
 2020-09-25 2:32:58 PM Middleware::Response Success
------------------------------------------------------------------------------


------------------------------------------------------------------------------
--------------------------------DisplayManager--------------------------------
------------------------------------------------------------------------------
 2020-09-25 2:32:58 PM Client-Info Client Version: 0.12.0
 2020-09-25 2:32:58 PM Client-Info Client OS:      Windows
 2020-09-25 2:32:58 PM Client-Info Server Version: 1.5.9
 2020-09-25 2:32:58 PM Middleware::Response Success
 2020-09-25 2:32:58 PM DisplayManager ERROR: Invalid settings provided
------------------------------------------------------------------------------

 2020-09-25 2:32:58 PM Service Sleeping for 147 seconds
 2020-09-25 2:35:25 PM Middleware::Response Success

------------------------------------------------------------------------------
----------------------------------AutoLogOut----------------------------------
------------------------------------------------------------------------------
 2020-09-25 2:35:25 PM Client-Info Client Version: 0.12.0
 2020-09-25 2:35:25 PM Client-Info Client OS:      Windows
 2020-09-25 2:35:25 PM Client-Info Server Version: 1.5.9
 2020-09-25 2:35:25 PM Middleware::Response Success
------------------------------------------------------------------------------


------------------------------------------------------------------------------
-----------------------------DefaultPrinterManager----------------------------
------------------------------------------------------------------------------
 2020-09-25 2:35:25 PM Client-Info Client Version: 0.12.0
 2020-09-25 2:35:25 PM Client-Info Client OS:      Windows
 2020-09-25 2:35:25 PM Client-Info Server Version: 1.5.9
 2020-09-25 2:35:25 PM Middleware::Response Success
------------------------------------------------------------------------------


------------------------------------------------------------------------------
--------------------------------DisplayManager--------------------------------
------------------------------------------------------------------------------
 2020-09-25 2:35:25 PM Client-Info Client Version: 0.12.0
 2020-09-25 2:35:25 PM Client-Info Client OS:      Windows
 2020-09-25 2:35:25 PM Client-Info Server Version: 1.5.9
 2020-09-25 2:35:25 PM Middleware::Response Success
 2020-09-25 2:35:25 PM DisplayManager ERROR: Invalid settings provided
------------------------------------------------------------------------------

 2020-09-25 2:35:25 PM Service Sleeping for 114 seconds
 2020-09-25 2:37:19 PM Middleware::Response Success

------------------------------------------------------------------------------
----------------------------------AutoLogOut----------------------------------
------------------------------------------------------------------------------
 2020-09-25 2:37:19 PM Client-Info Client Version: 0.12.0
 2020-09-25 2:37:19 PM Client-Info Client OS:      Windows
 2020-09-25 2:37:19 PM Client-Info Server Version: 1.5.9
 2020-09-25 2:37:19 PM Middleware::Response Success
------------------------------------------------------------------------------


------------------------------------------------------------------------------
-----------------------------DefaultPrinterManager----------------------------
------------------------------------------------------------------------------
 2020-09-25 2:37:19 PM Client-Info Client Version: 0.12.0
 2020-09-25 2:37:19 PM Client-Info Client OS:      Windows
 2020-09-25 2:37:19 PM Client-Info Server Version: 1.5.9
 2020-09-25 2:37:19 PM Middleware::Response Success
------------------------------------------------------------------------------


------------------------------------------------------------------------------
--------------------------------DisplayManager--------------------------------
------------------------------------------------------------------------------
 2020-09-25 2:37:19 PM Client-Info Client Version: 0.12.0
 2020-09-25 2:37:19 PM Client-Info Client OS:      Windows
 2020-09-25 2:37:19 PM Client-Info Server Version: 1.5.9
 2020-09-25 2:37:19 PM Middleware::Response Success
 2020-09-25 2:37:19 PM DisplayManager ERROR: Invalid settings provided
------------------------------------------------------------------------------

 2020-09-25 2:37:19 PM Service Sleeping for 100 seconds
 2020-09-25 2:38:59 PM Middleware::Response Success

------------------------------------------------------------------------------
----------------------------------AutoLogOut----------------------------------
------------------------------------------------------------------------------
 2020-09-25 2:38:59 PM Client-Info Client Version: 0.12.0
 2020-09-25 2:38:59 PM Client-Info Client OS:      Windows
 2020-09-25 2:38:59 PM Client-Info Server Version: 1.5.9
 2020-09-25 2:38:59 PM Middleware::Response Success
------------------------------------------------------------------------------


------------------------------------------------------------------------------
-----------------------------DefaultPrinterManager----------------------------
------------------------------------------------------------------------------
 2020-09-25 2:38:59 PM Client-Info Client Version: 0.12.0
 2020-09-25 2:38:59 PM Client-Info Client OS:      Windows
 2020-09-25 2:38:59 PM Client-Info Server Version: 1.5.9
 2020-09-25 2:38:59 PM Middleware::Response Success
------------------------------------------------------------------------------


------------------------------------------------------------------------------
--------------------------------DisplayManager--------------------------------
------------------------------------------------------------------------------
 2020-09-25 2:38:59 PM Client-Info Client Version: 0.12.0
 2020-09-25 2:38:59 PM Client-Info Client OS:      Windows
 2020-09-25 2:38:59 PM Client-Info Server Version: 1.5.9
 2020-09-25 2:38:59 PM Middleware::Response Success
 2020-09-25 2:38:59 PM DisplayManager ERROR: Invalid settings provided
------------------------------------------------------------------------------

 2020-09-25 2:38:59 PM Service Sleeping for 100 seconds
 2020-09-25 2:40:39 PM Middleware::Response Success

------------------------------------------------------------------------------
----------------------------------AutoLogOut----------------------------------
------------------------------------------------------------------------------
 2020-09-25 2:40:39 PM Client-Info Client Version: 0.12.0
 2020-09-25 2:40:39 PM Client-Info Client OS:      Windows
 2020-09-25 2:40:39 PM Client-Info Server Version: 1.5.9
 2020-09-25 2:40:39 PM Middleware::Response Success
------------------------------------------------------------------------------


------------------------------------------------------------------------------
-----------------------------DefaultPrinterManager----------------------------
------------------------------------------------------------------------------
 2020-09-25 2:40:39 PM Client-Info Client Version: 0.12.0
 2020-09-25 2:40:39 PM Client-Info Client OS:      Windows
 2020-09-25 2:40:39 PM Client-Info Server Version: 1.5.9
 2020-09-25 2:40:39 PM Middleware::Response Success
------------------------------------------------------------------------------


------------------------------------------------------------------------------
--------------------------------DisplayManager--------------------------------
------------------------------------------------------------------------------
 2020-09-25 2:40:39 PM Client-Info Client Version: 0.12.0
 2020-09-25 2:40:39 PM Client-Info Client OS:      Windows
 2020-09-25 2:40:39 PM Client-Info Server Version: 1.5.9
 2020-09-25 2:40:39 PM Middleware::Response Success
 2020-09-25 2:40:39 PM DisplayManager ERROR: Invalid settings provided
------------------------------------------------------------------------------

 2020-09-25 2:40:39 PM Service Sleeping for 94 seconds
 2020-09-25 2:42:13 PM Middleware::Response Success

------------------------------------------------------------------------------
----------------------------------AutoLogOut----------------------------------
------------------------------------------------------------------------------
 2020-09-25 2:42:13 PM Client-Info Client Version: 0.12.0
 2020-09-25 2:42:13 PM Client-Info Client OS:      Windows
 2020-09-25 2:42:13 PM Client-Info Server Version: 1.5.9
 2020-09-25 2:42:13 PM Middleware::Response Success
------------------------------------------------------------------------------


------------------------------------------------------------------------------
-----------------------------DefaultPrinterManager----------------------------
------------------------------------------------------------------------------
 2020-09-25 2:42:13 PM Client-Info Client Version: 0.12.0
 2020-09-25 2:42:13 PM Client-Info Client OS:      Windows
 2020-09-25 2:42:13 PM Client-Info Server Version: 1.5.9
 2020-09-25 2:42:13 PM Middleware::Response Success
------------------------------------------------------------------------------


------------------------------------------------------------------------------
--------------------------------DisplayManager--------------------------------
------------------------------------------------------------------------------
 2020-09-25 2:42:13 PM Client-Info Client Version: 0.12.0
 2020-09-25 2:42:13 PM Client-Info Client OS:      Windows
 2020-09-25 2:42:13 PM Client-Info Server Version: 1.5.9
 2020-09-25 2:42:13 PM Middleware::Response Success
 2020-09-25 2:42:13 PM DisplayManager ERROR: Invalid settings provided
------------------------------------------------------------------------------

 2020-09-25 2:42:13 PM Service Sleeping for 66 seconds
 2020-09-25 2:43:19 PM Middleware::Response Success

------------------------------------------------------------------------------
----------------------------------AutoLogOut----------------------------------
------------------------------------------------------------------------------
 2020-09-25 2:43:19 PM Client-Info Client Version: 0.12.0
 2020-09-25 2:43:19 PM Client-Info Client OS:      Windows
 2020-09-25 2:43:19 PM Client-Info Server Version: 1.5.9
 2020-09-25 2:43:19 PM Middleware::Response Success
------------------------------------------------------------------------------


------------------------------------------------------------------------------
-----------------------------DefaultPrinterManager----------------------------
------------------------------------------------------------------------------
 2020-09-25 2:43:19 PM Client-Info Client Version: 0.12.0
 2020-09-25 2:43:19 PM Client-Info Client OS:      Windows
 2020-09-25 2:43:19 PM Client-Info Server Version: 1.5.9
 2020-09-25 2:43:19 PM Middleware::Response Success
------------------------------------------------------------------------------


------------------------------------------------------------------------------
--------------------------------DisplayManager--------------------------------
------------------------------------------------------------------------------
 2020-09-25 2:43:19 PM Client-Info Client Version: 0.12.0
 2020-09-25 2:43:19 PM Client-Info Client OS:      Windows
 2020-09-25 2:43:19 PM Client-Info Server Version: 1.5.9
 2020-09-25 2:43:19 PM Middleware::Response Success
 2020-09-25 2:43:19 PM DisplayManager ERROR: Invalid settings provided
------------------------------------------------------------------------------

 2020-09-25 2:43:19 PM Service Sleeping for 62 seconds
 2020-09-25 2:44:21 PM Middleware::Response Success

------------------------------------------------------------------------------
----------------------------------AutoLogOut----------------------------------
------------------------------------------------------------------------------
 2020-09-25 2:44:21 PM Client-Info Client Version: 0.12.0
 2020-09-25 2:44:21 PM Client-Info Client OS:      Windows
 2020-09-25 2:44:21 PM Client-Info Server Version: 1.5.9
 2020-09-25 2:44:21 PM Middleware::Response Success
------------------------------------------------------------------------------


------------------------------------------------------------------------------
-----------------------------DefaultPrinterManager----------------------------
------------------------------------------------------------------------------
 2020-09-25 2:44:22 PM Client-Info Client Version: 0.12.0
 2020-09-25 2:44:22 PM Client-Info Client OS:      Windows
 2020-09-25 2:44:22 PM Client-Info Server Version: 1.5.9
 2020-09-25 2:44:22 PM Middleware::Response Success
------------------------------------------------------------------------------


------------------------------------------------------------------------------
--------------------------------DisplayManager--------------------------------
------------------------------------------------------------------------------
 2020-09-25 2:44:22 PM Client-Info Client Version: 0.12.0
 2020-09-25 2:44:22 PM Client-Info Client OS:      Windows
 2020-09-25 2:44:22 PM Client-Info Server Version: 1.5.9
 2020-09-25 2:44:22 PM Middleware::Response Success
 2020-09-25 2:44:22 PM DisplayManager ERROR: Invalid settings provided
------------------------------------------------------------------------------

 2020-09-25 2:44:22 PM Service Sleeping for 62 seconds

 2021-11-01 9:40:43 AM Service Starting service
 2021-11-01 9:40:43 AM Bus Became bus client

 2021-11-01 9:40:43 AM Middleware::Response Success
 2021-11-01 9:40:43 AM Service Initializing modules

------------------------------------------------------------------------------
----------------------------------AutoLogOut----------------------------------
------------------------------------------------------------------------------
 2021-11-01 9:40:43 AM Client-Info Client Version: 0.12.0
 2021-11-01 9:40:43 AM Client-Info Client OS:      Windows
 2021-11-01 9:40:43 AM Client-Info Server Version: 1.5.9
 2021-11-01 9:40:43 AM Middleware::Response Success
------------------------------------------------------------------------------


------------------------------------------------------------------------------
-----------------------------DefaultPrinterManager----------------------------
------------------------------------------------------------------------------
 2021-11-01 9:40:43 AM Client-Info Client Version: 0.12.0
 2021-11-01 9:40:43 AM Client-Info Client OS:      Windows
 2021-11-01 9:40:43 AM Client-Info Server Version: 1.5.9
 2021-11-01 9:40:43 AM Middleware::Response Success
------------------------------------------------------------------------------


------------------------------------------------------------------------------
--------------------------------DisplayManager--------------------------------
------------------------------------------------------------------------------
 2021-11-01 9:40:44 AM Client-Info Client Version: 0.12.0
 2021-11-01 9:40:44 AM Client-Info Client OS:      Windows
 2021-11-01 9:40:44 AM Client-Info Server Version: 1.5.9
 2021-11-01 9:40:44 AM Middleware::Response Success
 2021-11-01 9:40:44 AM DisplayManager ERROR: Invalid settings provided
------------------------------------------------------------------------------

 2021-11-01 9:40:44 AM Service Sleeping for 76 seconds
 2021-11-01 9:40:45 AM Bus::Client ERROR: No connection could be made because the target machine actively refused it
 2021-11-01 9:40:45 AM Bus::Client ERROR: Connection lost due to socket error
 2021-11-01 9:41:17 AM Bus::Client ERROR: No connection could be made because the target machine actively refused it
 2021-11-01 9:41:47 AM Bus::Client ERROR: No connection could be made because the target machine actively refused it
 2021-11-01 9:42:03 AM Middleware::Response Success

------------------------------------------------------------------------------
----------------------------------AutoLogOut----------------------------------
------------------------------------------------------------------------------
 2021-11-01 9:42:03 AM Client-Info Client Version: 0.12.0
 2021-11-01 9:42:03 AM Client-Info Client OS:      Windows
 2021-11-01 9:42:03 AM Client-Info Server Version: 1.5.9
 2021-11-01 9:42:03 AM Middleware::Response Success
------------------------------------------------------------------------------


------------------------------------------------------------------------------
-----------------------------DefaultPrinterManager----------------------------
------------------------------------------------------------------------------
 2021-11-01 9:42:03 AM Client-Info Client Version: 0.12.0
 2021-11-01 9:42:03 AM Client-Info Client OS:      Windows
 2021-11-01 9:42:03 AM Client-Info Server Version: 1.5.9
 2021-11-01 9:42:03 AM Middleware::Response Success
------------------------------------------------------------------------------


------------------------------------------------------------------------------
--------------------------------DisplayManager--------------------------------
------------------------------------------------------------------------------
 2021-11-01 9:42:03 AM Client-Info Client Version: 0.12.0
 2021-11-01 9:42:03 AM Client-Info Client OS:      Windows
 2021-11-01 9:42:03 AM Client-Info Server Version: 1.5.9
 2021-11-01 9:42:03 AM Middleware::Response Success
 2021-11-01 9:42:03 AM DisplayManager ERROR: Invalid settings provided
------------------------------------------------------------------------------

 2021-11-01 9:42:03 AM Service Sleeping for 76 seconds
 2021-11-01 9:42:15 AM Bus::Client Connection established
 2021-11-01 9:43:19 AM Middleware::Response Success

------------------------------------------------------------------------------
----------------------------------AutoLogOut----------------------------------
------------------------------------------------------------------------------
 2021-11-01 9:43:19 AM Client-Info Client Version: 0.12.0
 2021-11-01 9:43:19 AM Client-Info Client OS:      Windows
 2021-11-01 9:43:19 AM Client-Info Server Version: 1.5.9
 2021-11-01 9:43:19 AM Middleware::Response Success
------------------------------------------------------------------------------


------------------------------------------------------------------------------
-----------------------------DefaultPrinterManager----------------------------
------------------------------------------------------------------------------
 2021-11-01 9:43:19 AM Client-Info Client Version: 0.12.0
 2021-11-01 9:43:19 AM Client-Info Client OS:      Windows
 2021-11-01 9:43:19 AM Client-Info Server Version: 1.5.9
 2021-11-01 9:43:19 AM Middleware::Response Success
------------------------------------------------------------------------------


------------------------------------------------------------------------------
--------------------------------DisplayManager--------------------------------
------------------------------------------------------------------------------
 2021-11-01 9:43:19 AM Client-Info Client Version: 0.12.0
 2021-11-01 9:43:19 AM Client-Info Client OS:      Windows
 2021-11-01 9:43:19 AM Client-Info Server Version: 1.5.9
 2021-11-01 9:43:19 AM Middleware::Response Success
 2021-11-01 9:43:19 AM DisplayManager ERROR: Invalid settings provided
------------------------------------------------------------------------------

 2021-11-01 9:43:19 AM Service Sleeping for 76 seconds
 2021-11-01 9:44:35 AM Middleware::Response Success

------------------------------------------------------------------------------
----------------------------------AutoLogOut----------------------------------
------------------------------------------------------------------------------
 2021-11-01 9:44:35 AM Client-Info Client Version: 0.12.0
 2021-11-01 9:44:35 AM Client-Info Client OS:      Windows
 2021-11-01 9:44:35 AM Client-Info Server Version: 1.5.9
 2021-11-01 9:44:35 AM Middleware::Response Success
------------------------------------------------------------------------------


------------------------------------------------------------------------------
-----------------------------DefaultPrinterManager----------------------------
------------------------------------------------------------------------------
 2021-11-01 9:44:35 AM Client-Info Client Version: 0.12.0
 2021-11-01 9:44:35 AM Client-Info Client OS:      Windows
 2021-11-01 9:44:35 AM Client-Info Server Version: 1.5.9
 2021-11-01 9:44:35 AM Middleware::Response Success
------------------------------------------------------------------------------


------------------------------------------------------------------------------
--------------------------------DisplayManager--------------------------------
------------------------------------------------------------------------------
 2021-11-01 9:44:35 AM Client-Info Client Version: 0.12.0
 2021-11-01 9:44:35 AM Client-Info Client OS:      Windows
 2021-11-01 9:44:35 AM Client-Info Server Version: 1.5.9
 2021-11-01 9:44:35 AM Middleware::Response Success
 2021-11-01 9:44:35 AM DisplayManager ERROR: Invalid settings provided
------------------------------------------------------------------------------

 2021-11-01 9:44:35 AM Service Sleeping for 76 seconds
 2021-11-01 9:45:51 AM Middleware::Response Success

------------------------------------------------------------------------------
----------------------------------AutoLogOut----------------------------------
------------------------------------------------------------------------------
 2021-11-01 9:45:51 AM Client-Info Client Version: 0.12.0
 2021-11-01 9:45:51 AM Client-Info Client OS:      Windows
 2021-11-01 9:45:51 AM Client-Info Server Version: 1.5.9
 2021-11-01 9:45:51 AM Middleware::Response Success
------------------------------------------------------------------------------


------------------------------------------------------------------------------
-----------------------------DefaultPrinterManager----------------------------
------------------------------------------------------------------------------
 2021-11-01 9:45:51 AM Client-Info Client Version: 0.12.0
 2021-11-01 9:45:51 AM Client-Info Client OS:      Windows
 2021-11-01 9:45:51 AM Client-Info Server Version: 1.5.9
 2021-11-01 9:45:51 AM Middleware::Response Success
------------------------------------------------------------------------------


------------------------------------------------------------------------------
--------------------------------DisplayManager--------------------------------
------------------------------------------------------------------------------
 2021-11-01 9:45:51 AM Client-Info Client Version: 0.12.0
 2021-11-01 9:45:51 AM Client-Info Client OS:      Windows
 2021-11-01 9:45:51 AM Client-Info Server Version: 1.5.9
 2021-11-01 9:45:51 AM Middleware::Response Success
 2021-11-01 9:45:51 AM DisplayManager ERROR: Invalid settings provided
------------------------------------------------------------------------------

 2021-11-01 9:45:51 AM Service Sleeping for 76 seconds
 2021-11-01 9:47:07 AM Middleware::Response Success

------------------------------------------------------------------------------
----------------------------------AutoLogOut----------------------------------
------------------------------------------------------------------------------
 2021-11-01 9:47:07 AM Client-Info Client Version: 0.12.0
 2021-11-01 9:47:07 AM Client-Info Client OS:      Windows
 2021-11-01 9:47:07 AM Client-Info Server Version: 1.5.9
 2021-11-01 9:47:07 AM Middleware::Response Success
------------------------------------------------------------------------------


------------------------------------------------------------------------------
-----------------------------DefaultPrinterManager----------------------------
------------------------------------------------------------------------------
 2021-11-01 9:47:07 AM Client-Info Client Version: 0.12.0
 2021-11-01 9:47:07 AM Client-Info Client OS:      Windows
 2021-11-01 9:47:07 AM Client-Info Server Version: 1.5.9
 2021-11-01 9:47:07 AM Middleware::Response Success
------------------------------------------------------------------------------


------------------------------------------------------------------------------
--------------------------------DisplayManager--------------------------------
------------------------------------------------------------------------------
 2021-11-01 9:47:07 AM Client-Info Client Version: 0.12.0
 2021-11-01 9:47:07 AM Client-Info Client OS:      Windows
 2021-11-01 9:47:07 AM Client-Info Server Version: 1.5.9
 2021-11-01 9:47:07 AM Middleware::Response Success
 2021-11-01 9:47:07 AM DisplayManager ERROR: Invalid settings provided
------------------------------------------------------------------------------

 2021-11-01 9:47:07 AM Service Sleeping for 76 seconds
 2021-11-01 9:48:23 AM Middleware::Response Success

------------------------------------------------------------------------------
----------------------------------AutoLogOut----------------------------------
------------------------------------------------------------------------------
 2021-11-01 9:48:23 AM Client-Info Client Version: 0.12.0
 2021-11-01 9:48:23 AM Client-Info Client OS:      Windows
 2021-11-01 9:48:23 AM Client-Info Server Version: 1.5.9
 2021-11-01 9:48:23 AM Middleware::Response Success
------------------------------------------------------------------------------


------------------------------------------------------------------------------
-----------------------------DefaultPrinterManager----------------------------
------------------------------------------------------------------------------
 2021-11-01 9:48:23 AM Client-Info Client Version: 0.12.0
 2021-11-01 9:48:23 AM Client-Info Client OS:      Windows
 2021-11-01 9:48:23 AM Client-Info Server Version: 1.5.9
 2021-11-01 9:48:23 AM Middleware::Response Success
------------------------------------------------------------------------------


------------------------------------------------------------------------------
--------------------------------DisplayManager--------------------------------
------------------------------------------------------------------------------
 2021-11-01 9:48:23 AM Client-Info Client Version: 0.12.0
 2021-11-01 9:48:23 AM Client-Info Client OS:      Windows
 2021-11-01 9:48:23 AM Client-Info Server Version: 1.5.9
 2021-11-01 9:48:23 AM Middleware::Response Success
 2021-11-01 9:48:23 AM DisplayManager ERROR: Invalid settings provided
------------------------------------------------------------------------------

 2021-11-01 9:48:23 AM Service Sleeping for 76 seconds
 2021-11-01 9:49:39 AM Middleware::Response Success

------------------------------------------------------------------------------
----------------------------------AutoLogOut----------------------------------
------------------------------------------------------------------------------
 2021-11-01 9:49:39 AM Client-Info Client Version: 0.12.0
 2021-11-01 9:49:39 AM Client-Info Client OS:      Windows
 2021-11-01 9:49:39 AM Client-Info Server Version: 1.5.9
 2021-11-01 9:49:39 AM Middleware::Response Success
------------------------------------------------------------------------------


------------------------------------------------------------------------------
-----------------------------DefaultPrinterManager----------------------------
------------------------------------------------------------------------------
 2021-11-01 9:49:39 AM Client-Info Client Version: 0.12.0
 2021-11-01 9:49:39 AM Client-Info Client OS:      Windows
 2021-11-01 9:49:39 AM Client-Info Server Version: 1.5.9
 2021-11-01 9:49:39 AM Middleware::Response Success
------------------------------------------------------------------------------


------------------------------------------------------------------------------
--------------------------------DisplayManager--------------------------------
------------------------------------------------------------------------------
 2021-11-01 9:49:39 AM Client-Info Client Version: 0.12.0
 2021-11-01 9:49:39 AM Client-Info Client OS:      Windows
 2021-11-01 9:49:39 AM Client-Info Server Version: 1.5.9
 2021-11-01 9:49:39 AM Middleware::Response Success
 2021-11-01 9:49:39 AM DisplayManager ERROR: Invalid settings provided
------------------------------------------------------------------------------

 2021-11-01 9:49:39 AM Service Sleeping for 76 seconds
 2021-11-01 9:50:55 AM Middleware::Response Success

------------------------------------------------------------------------------
----------------------------------AutoLogOut----------------------------------
------------------------------------------------------------------------------
 2021-11-01 9:50:55 AM Client-Info Client Version: 0.12.0
 2021-11-01 9:50:55 AM Client-Info Client OS:      Windows
 2021-11-01 9:50:55 AM Client-Info Server Version: 1.5.9
 2021-11-01 9:50:55 AM Middleware::Response Success
------------------------------------------------------------------------------


------------------------------------------------------------------------------
-----------------------------DefaultPrinterManager----------------------------
------------------------------------------------------------------------------
 2021-11-01 9:50:55 AM Client-Info Client Version: 0.12.0
 2021-11-01 9:50:55 AM Client-Info Client OS:      Windows
 2021-11-01 9:50:55 AM Client-Info Server Version: 1.5.9
 2021-11-01 9:50:55 AM Middleware::Response Success
------------------------------------------------------------------------------


------------------------------------------------------------------------------
--------------------------------DisplayManager--------------------------------
------------------------------------------------------------------------------
 2021-11-01 9:50:55 AM Client-Info Client Version: 0.12.0
 2021-11-01 9:50:55 AM Client-Info Client OS:      Windows
 2021-11-01 9:50:55 AM Client-Info Server Version: 1.5.9
 2021-11-01 9:50:55 AM Middleware::Response Success
 2021-11-01 9:50:55 AM DisplayManager ERROR: Invalid settings provided
------------------------------------------------------------------------------

 2021-11-01 9:50:55 AM Service Sleeping for 76 seconds
 2021-11-01 9:52:11 AM Middleware::Response Success

------------------------------------------------------------------------------
----------------------------------AutoLogOut----------------------------------
------------------------------------------------------------------------------
 2021-11-01 9:52:11 AM Client-Info Client Version: 0.12.0
 2021-11-01 9:52:11 AM Client-Info Client OS:      Windows
 2021-11-01 9:52:11 AM Client-Info Server Version: 1.5.9
 2021-11-01 9:52:11 AM Middleware::Response Success
------------------------------------------------------------------------------


------------------------------------------------------------------------------
-----------------------------DefaultPrinterManager----------------------------
------------------------------------------------------------------------------
 2021-11-01 9:52:11 AM Client-Info Client Version: 0.12.0
 2021-11-01 9:52:11 AM Client-Info Client OS:      Windows
 2021-11-01 9:52:11 AM Client-Info Server Version: 1.5.9
 2021-11-01 9:52:11 AM Middleware::Response Success
------------------------------------------------------------------------------


------------------------------------------------------------------------------
--------------------------------DisplayManager--------------------------------
------------------------------------------------------------------------------
 2021-11-01 9:52:11 AM Client-Info Client Version: 0.12.0
 2021-11-01 9:52:11 AM Client-Info Client OS:      Windows
 2021-11-01 9:52:11 AM Client-Info Server Version: 1.5.9
 2021-11-01 9:52:11 AM Middleware::Response Success
 2021-11-01 9:52:11 AM DisplayManager ERROR: Invalid settings provided
------------------------------------------------------------------------------

 2021-11-01 9:52:11 AM Service Sleeping for 76 seconds
 2021-11-01 9:53:27 AM Middleware::Response Success

------------------------------------------------------------------------------
----------------------------------AutoLogOut----------------------------------
------------------------------------------------------------------------------
 2021-11-01 9:53:27 AM Client-Info Client Version: 0.12.0
 2021-11-01 9:53:27 AM Client-Info Client OS:      Windows
 2021-11-01 9:53:27 AM Client-Info Server Version: 1.5.9
 2021-11-01 9:53:27 AM Middleware::Response Success
------------------------------------------------------------------------------


------------------------------------------------------------------------------
-----------------------------DefaultPrinterManager----------------------------
------------------------------------------------------------------------------
 2021-11-01 9:53:27 AM Client-Info Client Version: 0.12.0
 2021-11-01 9:53:27 AM Client-Info Client OS:      Windows
 2021-11-01 9:53:27 AM Client-Info Server Version: 1.5.9
 2021-11-01 9:53:27 AM Middleware::Response Success
------------------------------------------------------------------------------


------------------------------------------------------------------------------
--------------------------------DisplayManager--------------------------------
------------------------------------------------------------------------------
 2021-11-01 9:53:27 AM Client-Info Client Version: 0.12.0
 2021-11-01 9:53:27 AM Client-Info Client OS:      Windows
 2021-11-01 9:53:27 AM Client-Info Server Version: 1.5.9
 2021-11-01 9:53:27 AM Middleware::Response Success
 2021-11-01 9:53:27 AM DisplayManager ERROR: Invalid settings provided
------------------------------------------------------------------------------

 2021-11-01 9:53:27 AM Service Sleeping for 82 seconds
 2021-11-01 9:54:49 AM Middleware::Response Success

------------------------------------------------------------------------------
----------------------------------AutoLogOut----------------------------------
------------------------------------------------------------------------------
 2021-11-01 9:54:49 AM Client-Info Client Version: 0.12.0
 2021-11-01 9:54:49 AM Client-Info Client OS:      Windows
 2021-11-01 9:54:49 AM Client-Info Server Version: 1.5.9
 2021-11-01 9:54:49 AM Middleware::Response Success
------------------------------------------------------------------------------


------------------------------------------------------------------------------
-----------------------------DefaultPrinterManager----------------------------
------------------------------------------------------------------------------
 2021-11-01 9:54:49 AM Client-Info Client Version: 0.12.0
 2021-11-01 9:54:49 AM Client-Info Client OS:      Windows
 2021-11-01 9:54:49 AM Client-Info Server Version: 1.5.9
 2021-11-01 9:54:49 AM Middleware::Response Success
------------------------------------------------------------------------------


------------------------------------------------------------------------------
--------------------------------DisplayManager--------------------------------
------------------------------------------------------------------------------
 2021-11-01 9:54:49 AM Client-Info Client Version: 0.12.0
 2021-11-01 9:54:49 AM Client-Info Client OS:      Windows
 2021-11-01 9:54:49 AM Client-Info Server Version: 1.5.9
 2021-11-01 9:54:49 AM Middleware::Response Success
 2021-11-01 9:54:49 AM DisplayManager ERROR: Invalid settings provided
------------------------------------------------------------------------------

 2021-11-01 9:54:49 AM Service Sleeping for 62 seconds
 2021-11-01 9:55:51 AM Middleware::Response Success

------------------------------------------------------------------------------
----------------------------------AutoLogOut----------------------------------
------------------------------------------------------------------------------
 2021-11-01 9:55:51 AM Client-Info Client Version: 0.12.0
 2021-11-01 9:55:51 AM Client-Info Client OS:      Windows
 2021-11-01 9:55:51 AM Client-Info Server Version: 1.5.9
 2021-11-01 9:55:51 AM Middleware::Response Success
------------------------------------------------------------------------------


------------------------------------------------------------------------------
-----------------------------DefaultPrinterManager----------------------------
------------------------------------------------------------------------------
 2021-11-01 9:55:51 AM Client-Info Client Version: 0.12.0
 2021-11-01 9:55:52 AM Client-Info Client OS:      Windows
 2021-11-01 9:55:52 AM Client-Info Server Version: 1.5.9
 2021-11-01 9:55:52 AM Middleware::Response Success
------------------------------------------------------------------------------


------------------------------------------------------------------------------
--------------------------------DisplayManager--------------------------------
------------------------------------------------------------------------------
 2021-11-01 9:55:52 AM Client-Info Client Version: 0.12.0
 2021-11-01 9:55:52 AM Client-Info Client OS:      Windows
 2021-11-01 9:55:52 AM Client-Info Server Version: 1.5.9
 2021-11-01 9:55:52 AM Middleware::Response Success
 2021-11-01 9:55:52 AM DisplayManager ERROR: Invalid settings provided
------------------------------------------------------------------------------

 2021-11-01 9:55:52 AM Service Sleeping for 62 seconds
 2021-11-01 9:56:54 AM Middleware::Response Success

------------------------------------------------------------------------------
----------------------------------AutoLogOut----------------------------------
------------------------------------------------------------------------------
 2021-11-01 9:56:54 AM Client-Info Client Version: 0.12.0
 2021-11-01 9:56:54 AM Client-Info Client OS:      Windows
 2021-11-01 9:56:54 AM Client-Info Server Version: 1.5.9
 2021-11-01 9:56:54 AM Middleware::Response Success
------------------------------------------------------------------------------


------------------------------------------------------------------------------
-----------------------------DefaultPrinterManager----------------------------
------------------------------------------------------------------------------
 2021-11-01 9:56:54 AM Client-Info Client Version: 0.12.0
 2021-11-01 9:56:54 AM Client-Info Client OS:      Windows
 2021-11-01 9:56:54 AM Client-Info Server Version: 1.5.9
 2021-11-01 9:56:54 AM Middleware::Response Success
------------------------------------------------------------------------------


------------------------------------------------------------------------------
--------------------------------DisplayManager--------------------------------
------------------------------------------------------------------------------
 2021-11-01 9:56:54 AM Client-Info Client Version: 0.12.0
 2021-11-01 9:56:54 AM Client-Info Client OS:      Windows
 2021-11-01 9:56:54 AM Client-Info Server Version: 1.5.9
 2021-11-01 9:56:54 AM Middleware::Response Success
 2021-11-01 9:56:54 AM DisplayManager ERROR: Invalid settings provided
------------------------------------------------------------------------------

 2021-11-01 9:56:54 AM Service Sleeping for 123 seconds

 2025-05-07 10:26:16 AM Service Starting service
 2025-05-07 10:26:16 AM Bus Became bus client

 2025-05-07 10:26:16 AM Middleware::Response Success
 2025-05-07 10:26:16 AM Service Initializing modules

------------------------------------------------------------------------------
----------------------------------AutoLogOut----------------------------------
------------------------------------------------------------------------------
 2025-05-07 10:26:16 AM Client-Info Client Version: 0.12.2
 2025-05-07 10:26:16 AM Client-Info Client OS:      Windows
 2025-05-07 10:26:16 AM Client-Info Server Version: 1.5.9.246
 2025-05-07 10:26:16 AM Bus::Client Connection established
 2025-05-07 10:26:16 AM Middleware::Response Success
------------------------------------------------------------------------------


------------------------------------------------------------------------------
-----------------------------DefaultPrinterManager----------------------------
------------------------------------------------------------------------------
 2025-05-07 10:26:16 AM Client-Info Client Version: 0.12.2
 2025-05-07 10:26:16 AM Client-Info Client OS:      Windows
 2025-05-07 10:26:16 AM Client-Info Server Version: 1.5.9.246
 2025-05-07 10:26:16 AM Middleware::Response Success
------------------------------------------------------------------------------


------------------------------------------------------------------------------
--------------------------------DisplayManager--------------------------------
------------------------------------------------------------------------------
 2025-05-07 10:26:16 AM Client-Info Client Version: 0.12.2
 2025-05-07 10:26:16 AM Client-Info Client OS:      Windows
 2025-05-07 10:26:16 AM Client-Info Server Version: 1.5.9.246
 2025-05-07 10:26:16 AM Middleware::Response Success
 2025-05-07 10:26:16 AM DisplayManager ERROR: Invalid settings provided
------------------------------------------------------------------------------

 2025-05-07 10:26:16 AM Service Sleeping for 110 seconds
 2025-05-07 10:28:06 AM Middleware::Response Success

------------------------------------------------------------------------------
----------------------------------AutoLogOut----------------------------------
------------------------------------------------------------------------------
 2025-05-07 10:28:06 AM Client-Info Client Version: 0.12.2
 2025-05-07 10:28:06 AM Client-Info Client OS:      Windows
 2025-05-07 10:28:06 AM Client-Info Server Version: 1.5.9.246
 2025-05-07 10:28:06 AM Middleware::Response Success
------------------------------------------------------------------------------


------------------------------------------------------------------------------
-----------------------------DefaultPrinterManager----------------------------
------------------------------------------------------------------------------
 2025-05-07 10:28:06 AM Client-Info Client Version: 0.12.2
 2025-05-07 10:28:06 AM Client-Info Client OS:      Windows
 2025-05-07 10:28:06 AM Client-Info Server Version: 1.5.9.246
 2025-05-07 10:28:06 AM Middleware::Response Success
------------------------------------------------------------------------------


------------------------------------------------------------------------------
--------------------------------DisplayManager--------------------------------
------------------------------------------------------------------------------
 2025-05-07 10:28:06 AM Client-Info Client Version: 0.12.2
 2025-05-07 10:28:06 AM Client-Info Client OS:      Windows
 2025-05-07 10:28:06 AM Client-Info Server Version: 1.5.9.246
 2025-05-07 10:28:06 AM Middleware::Response Success
 2025-05-07 10:28:06 AM DisplayManager ERROR: Invalid settings provided
------------------------------------------------------------------------------

 2025-05-07 10:28:06 AM Service Sleeping for 136 seconds
 2025-05-07 10:30:22 AM Middleware::Response Success

------------------------------------------------------------------------------
----------------------------------AutoLogOut----------------------------------
------------------------------------------------------------------------------
 2025-05-07 10:30:22 AM Client-Info Client Version: 0.12.2
 2025-05-07 10:30:22 AM Client-Info Client OS:      Windows
 2025-05-07 10:30:22 AM Client-Info Server Version: 1.5.9.246
 2025-05-07 10:30:22 AM Middleware::Response Success
------------------------------------------------------------------------------


------------------------------------------------------------------------------
-----------------------------DefaultPrinterManager----------------------------
------------------------------------------------------------------------------
 2025-05-07 10:30:22 AM Client-Info Client Version: 0.12.2
 2025-05-07 10:30:22 AM Client-Info Client OS:      Windows
 2025-05-07 10:30:22 AM Client-Info Server Version: 1.5.9.246
 2025-05-07 10:30:22 AM Middleware::Response Success
------------------------------------------------------------------------------


------------------------------------------------------------------------------
--------------------------------DisplayManager--------------------------------
------------------------------------------------------------------------------
 2025-05-07 10:30:22 AM Client-Info Client Version: 0.12.2
 2025-05-07 10:30:22 AM Client-Info Client OS:      Windows
 2025-05-07 10:30:22 AM Client-Info Server Version: 1.5.9.246
 2025-05-07 10:30:22 AM Middleware::Response Success
 2025-05-07 10:30:22 AM DisplayManager ERROR: Invalid settings provided
------------------------------------------------------------------------------

 2025-05-07 10:30:22 AM Service Sleeping for 107 seconds
 2025-05-07 10:32:09 AM Middleware::Response Success

------------------------------------------------------------------------------
----------------------------------AutoLogOut----------------------------------
------------------------------------------------------------------------------
 2025-05-07 10:32:09 AM Client-Info Client Version: 0.12.2
 2025-05-07 10:32:09 AM Client-Info Client OS:      Windows
 2025-05-07 10:32:09 AM Client-Info Server Version: 1.5.9.246
 2025-05-07 10:32:09 AM Middleware::Response Success
------------------------------------------------------------------------------


------------------------------------------------------------------------------
-----------------------------DefaultPrinterManager----------------------------
------------------------------------------------------------------------------
 2025-05-07 10:32:09 AM Client-Info Client Version: 0.12.2
 2025-05-07 10:32:09 AM Client-Info Client OS:      Windows
 2025-05-07 10:32:09 AM Client-Info Server Version: 1.5.9.246
 2025-05-07 10:32:09 AM Middleware::Response Success
------------------------------------------------------------------------------


------------------------------------------------------------------------------
--------------------------------DisplayManager--------------------------------
------------------------------------------------------------------------------
 2025-05-07 10:32:09 AM Client-Info Client Version: 0.12.2
 2025-05-07 10:32:09 AM Client-Info Client OS:      Windows
 2025-05-07 10:32:09 AM Client-Info Server Version: 1.5.9.246
 2025-05-07 10:32:09 AM Middleware::Response Success
 2025-05-07 10:32:09 AM DisplayManager ERROR: Invalid settings provided
------------------------------------------------------------------------------

 2025-05-07 10:32:09 AM Service Sleeping for 107 seconds
 2025-05-07 10:33:56 AM Middleware::Response Success

------------------------------------------------------------------------------
----------------------------------AutoLogOut----------------------------------
------------------------------------------------------------------------------
 2025-05-07 10:33:56 AM Client-Info Client Version: 0.12.2
 2025-05-07 10:33:56 AM Client-Info Client OS:      Windows
 2025-05-07 10:33:56 AM Client-Info Server Version: 1.5.9.246
 2025-05-07 10:33:56 AM Middleware::Response Success
------------------------------------------------------------------------------


------------------------------------------------------------------------------
-----------------------------DefaultPrinterManager----------------------------
------------------------------------------------------------------------------
 2025-05-07 10:33:56 AM Client-Info Client Version: 0.12.2
 2025-05-07 10:33:56 AM Client-Info Client OS:      Windows
 2025-05-07 10:33:56 AM Client-Info Server Version: 1.5.9.246
 2025-05-07 10:33:56 AM Middleware::Response Success
------------------------------------------------------------------------------


------------------------------------------------------------------------------
--------------------------------DisplayManager--------------------------------
------------------------------------------------------------------------------
 2025-05-07 10:33:56 AM Client-Info Client Version: 0.12.2
 2025-05-07 10:33:56 AM Client-Info Client OS:      Windows
 2025-05-07 10:33:56 AM Client-Info Server Version: 1.5.9.246
 2025-05-07 10:33:56 AM Middleware::Response Success
 2025-05-07 10:33:56 AM DisplayManager ERROR: Invalid settings provided
------------------------------------------------------------------------------

 2025-05-07 10:33:56 AM Service Sleeping for 89 seconds
 2025-05-07 10:35:25 AM Middleware::Response Success

------------------------------------------------------------------------------
----------------------------------AutoLogOut----------------------------------
------------------------------------------------------------------------------
 2025-05-07 10:35:25 AM Client-Info Client Version: 0.12.2
 2025-05-07 10:35:25 AM Client-Info Client OS:      Windows
 2025-05-07 10:35:25 AM Client-Info Server Version: 1.5.9.246
 2025-05-07 10:35:25 AM Middleware::Response Success
------------------------------------------------------------------------------


------------------------------------------------------------------------------
-----------------------------DefaultPrinterManager----------------------------
------------------------------------------------------------------------------
 2025-05-07 10:35:25 AM Client-Info Client Version: 0.12.2
 2025-05-07 10:35:25 AM Client-Info Client OS:      Windows
 2025-05-07 10:35:25 AM Client-Info Server Version: 1.5.9.246
 2025-05-07 10:35:25 AM Middleware::Response Success
------------------------------------------------------------------------------


------------------------------------------------------------------------------
--------------------------------DisplayManager--------------------------------
------------------------------------------------------------------------------
 2025-05-07 10:35:25 AM Client-Info Client Version: 0.12.2
 2025-05-07 10:35:25 AM Client-Info Client OS:      Windows
 2025-05-07 10:35:25 AM Client-Info Server Version: 1.5.9.246
 2025-05-07 10:35:25 AM Middleware::Response Success
 2025-05-07 10:35:25 AM DisplayManager ERROR: Invalid settings provided
------------------------------------------------------------------------------

 2025-05-07 10:35:25 AM Service Sleeping for 144 seconds
 2025-05-07 10:37:49 AM Middleware::Response Success

------------------------------------------------------------------------------
----------------------------------AutoLogOut----------------------------------
------------------------------------------------------------------------------
 2025-05-07 10:37:49 AM Client-Info Client Version: 0.12.2
 2025-05-07 10:37:49 AM Client-Info Client OS:      Windows
 2025-05-07 10:37:49 AM Client-Info Server Version: 1.5.9.246
 2025-05-07 10:37:49 AM Middleware::Response Success
------------------------------------------------------------------------------


------------------------------------------------------------------------------
-----------------------------DefaultPrinterManager----------------------------
------------------------------------------------------------------------------
 2025-05-07 10:37:49 AM Client-Info Client Version: 0.12.2
 2025-05-07 10:37:49 AM Client-Info Client OS:      Windows
 2025-05-07 10:37:49 AM Client-Info Server Version: 1.5.9.246
 2025-05-07 10:37:49 AM Middleware::Response Success
------------------------------------------------------------------------------


------------------------------------------------------------------------------
--------------------------------DisplayManager--------------------------------
------------------------------------------------------------------------------
 2025-05-07 10:37:49 AM Client-Info Client Version: 0.12.2
 2025-05-07 10:37:49 AM Client-Info Client OS:      Windows
 2025-05-07 10:37:49 AM Client-Info Server Version: 1.5.9.246
 2025-05-07 10:37:49 AM Middleware::Response Success
 2025-05-07 10:37:49 AM DisplayManager ERROR: Invalid settings provided
------------------------------------------------------------------------------

 2025-05-07 10:37:49 AM Service Sleeping for 116 seconds
 2025-05-07 10:39:45 AM Middleware::Response Success

------------------------------------------------------------------------------
----------------------------------AutoLogOut----------------------------------
------------------------------------------------------------------------------
 2025-05-07 10:39:45 AM Client-Info Client Version: 0.12.2
 2025-05-07 10:39:45 AM Client-Info Client OS:      Windows
 2025-05-07 10:39:45 AM Client-Info Server Version: 1.5.9.246
 2025-05-07 10:39:45 AM Middleware::Response Success
------------------------------------------------------------------------------


------------------------------------------------------------------------------
-----------------------------DefaultPrinterManager----------------------------
------------------------------------------------------------------------------
 2025-05-07 10:39:45 AM Client-Info Client Version: 0.12.2
 2025-05-07 10:39:45 AM Client-Info Client OS:      Windows
 2025-05-07 10:39:45 AM Client-Info Server Version: 1.5.9.246
 2025-05-07 10:39:45 AM Middleware::Response Success
------------------------------------------------------------------------------


------------------------------------------------------------------------------
--------------------------------DisplayManager--------------------------------
------------------------------------------------------------------------------
 2025-05-07 10:39:45 AM Client-Info Client Version: 0.12.2
 2025-05-07 10:39:45 AM Client-Info Client OS:      Windows
 2025-05-07 10:39:45 AM Client-Info Server Version: 1.5.9.246
 2025-05-07 10:39:45 AM Middleware::Response Success
 2025-05-07 10:39:45 AM DisplayManager ERROR: Invalid settings provided
------------------------------------------------------------------------------

 2025-05-07 10:39:45 AM Service Sleeping for 139 seconds
 2025-05-07 10:42:04 AM Middleware::Response Success

------------------------------------------------------------------------------
----------------------------------AutoLogOut----------------------------------
------------------------------------------------------------------------------
 2025-05-07 10:42:04 AM Client-Info Client Version: 0.12.2
 2025-05-07 10:42:04 AM Client-Info Client OS:      Windows
 2025-05-07 10:42:04 AM Client-Info Server Version: 1.5.9.246
 2025-05-07 10:42:04 AM Middleware::Response Success
------------------------------------------------------------------------------


------------------------------------------------------------------------------
-----------------------------DefaultPrinterManager----------------------------
------------------------------------------------------------------------------
 2025-05-07 10:42:04 AM Client-Info Client Version: 0.12.2
 2025-05-07 10:42:04 AM Client-Info Client OS:      Windows
 2025-05-07 10:42:04 AM Client-Info Server Version: 1.5.9.246
 2025-05-07 10:42:04 AM Middleware::Response Success
------------------------------------------------------------------------------


------------------------------------------------------------------------------
--------------------------------DisplayManager--------------------------------
------------------------------------------------------------------------------
 2025-05-07 10:42:04 AM Client-Info Client Version: 0.12.2
 2025-05-07 10:42:04 AM Client-Info Client OS:      Windows
 2025-05-07 10:42:04 AM Client-Info Server Version: 1.5.9.246
 2025-05-07 10:42:04 AM Middleware::Response Success
 2025-05-07 10:42:04 AM DisplayManager ERROR: Invalid settings provided
------------------------------------------------------------------------------

 2025-05-07 10:42:04 AM Service Sleeping for 99 seconds
 2025-05-07 10:43:43 AM Middleware::Response Success

------------------------------------------------------------------------------
----------------------------------AutoLogOut----------------------------------
------------------------------------------------------------------------------
 2025-05-07 10:43:43 AM Client-Info Client Version: 0.12.2
 2025-05-07 10:43:43 AM Client-Info Client OS:      Windows
 2025-05-07 10:43:43 AM Client-Info Server Version: 1.5.9.246
 2025-05-07 10:43:43 AM Middleware::Response Success
------------------------------------------------------------------------------


------------------------------------------------------------------------------
-----------------------------DefaultPrinterManager----------------------------
------------------------------------------------------------------------------
 2025-05-07 10:43:43 AM Client-Info Client Version: 0.12.2
 2025-05-07 10:43:43 AM Client-Info Client OS:      Windows
 2025-05-07 10:43:43 AM Client-Info Server Version: 1.5.9.246
 2025-05-07 10:43:43 AM Middleware::Response Success
------------------------------------------------------------------------------


------------------------------------------------------------------------------
--------------------------------DisplayManager--------------------------------
------------------------------------------------------------------------------
 2025-05-07 10:43:43 AM Client-Info Client Version: 0.12.2
 2025-05-07 10:43:43 AM Client-Info Client OS:      Windows
 2025-05-07 10:43:43 AM Client-Info Server Version: 1.5.9.246
 2025-05-07 10:43:43 AM Middleware::Response Success
 2025-05-07 10:43:43 AM DisplayManager ERROR: Invalid settings provided
------------------------------------------------------------------------------

 2025-05-07 10:43:43 AM Service Sleeping for 105 seconds
 2025-05-07 10:45:28 AM Middleware::Response Success

------------------------------------------------------------------------------
----------------------------------AutoLogOut----------------------------------
------------------------------------------------------------------------------
 2025-05-07 10:45:28 AM Client-Info Client Version: 0.12.2
 2025-05-07 10:45:28 AM Client-Info Client OS:      Windows
 2025-05-07 10:45:28 AM Client-Info Server Version: 1.5.9.246
 2025-05-07 10:45:28 AM Middleware::Response Success
------------------------------------------------------------------------------


------------------------------------------------------------------------------
-----------------------------DefaultPrinterManager----------------------------
------------------------------------------------------------------------------
 2025-05-07 10:45:28 AM Client-Info Client Version: 0.12.2
 2025-05-07 10:45:28 AM Client-Info Client OS:      Windows
 2025-05-07 10:45:28 AM Client-Info Server Version: 1.5.9.246
 2025-05-07 10:45:28 AM Middleware::Response Success
------------------------------------------------------------------------------


------------------------------------------------------------------------------
--------------------------------DisplayManager--------------------------------
------------------------------------------------------------------------------
 2025-05-07 10:45:28 AM Client-Info Client Version: 0.12.2
 2025-05-07 10:45:28 AM Client-Info Client OS:      Windows
 2025-05-07 10:45:28 AM Client-Info Server Version: 1.5.9.246
 2025-05-07 10:45:28 AM Middleware::Response Success
 2025-05-07 10:45:28 AM DisplayManager ERROR: Invalid settings provided
------------------------------------------------------------------------------

 2025-05-07 10:45:28 AM Service Sleeping for 141 seconds
 2025-05-07 10:47:49 AM Middleware::Response Success

------------------------------------------------------------------------------
----------------------------------AutoLogOut----------------------------------
------------------------------------------------------------------------------
 2025-05-07 10:47:49 AM Client-Info Client Version: 0.12.2
 2025-05-07 10:47:49 AM Client-Info Client OS:      Windows
 2025-05-07 10:47:49 AM Client-Info Server Version: 1.5.9.246
 2025-05-07 10:47:49 AM Middleware::Response Success
------------------------------------------------------------------------------


------------------------------------------------------------------------------
-----------------------------DefaultPrinterManager----------------------------
------------------------------------------------------------------------------
 2025-05-07 10:47:49 AM Client-Info Client Version: 0.12.2
 2025-05-07 10:47:49 AM Client-Info Client OS:      Windows
 2025-05-07 10:47:49 AM Client-Info Server Version: 1.5.9.246
 2025-05-07 10:47:49 AM Middleware::Response Success
------------------------------------------------------------------------------


------------------------------------------------------------------------------
--------------------------------DisplayManager--------------------------------
------------------------------------------------------------------------------
 2025-05-07 10:47:49 AM Client-Info Client Version: 0.12.2
 2025-05-07 10:47:49 AM Client-Info Client OS:      Windows
 2025-05-07 10:47:49 AM Client-Info Server Version: 1.5.9.246
 2025-05-07 10:47:49 AM Middleware::Response Success
 2025-05-07 10:47:49 AM DisplayManager ERROR: Invalid settings provided
------------------------------------------------------------------------------

 2025-05-07 10:47:49 AM Service Sleeping for 67 seconds
 2025-05-07 10:48:56 AM Middleware::Response Success

------------------------------------------------------------------------------
----------------------------------AutoLogOut----------------------------------
------------------------------------------------------------------------------
 2025-05-07 10:48:56 AM Client-Info Client Version: 0.12.2
 2025-05-07 10:48:56 AM Client-Info Client OS:      Windows
 2025-05-07 10:48:56 AM Client-Info Server Version: 1.5.9.246
 2025-05-07 10:48:56 AM Middleware::Response Success
------------------------------------------------------------------------------


------------------------------------------------------------------------------
-----------------------------DefaultPrinterManager----------------------------
------------------------------------------------------------------------------
 2025-05-07 10:48:56 AM Client-Info Client Version: 0.12.2
 2025-05-07 10:48:56 AM Client-Info Client OS:      Windows
 2025-05-07 10:48:56 AM Client-Info Server Version: 1.5.9.246
 2025-05-07 10:48:56 AM Middleware::Response Success
------------------------------------------------------------------------------


------------------------------------------------------------------------------
--------------------------------DisplayManager--------------------------------
------------------------------------------------------------------------------
 2025-05-07 10:48:56 AM Client-Info Client Version: 0.12.2
 2025-05-07 10:48:56 AM Client-Info Client OS:      Windows
 2025-05-07 10:48:56 AM Client-Info Server Version: 1.5.9.246
 2025-05-07 10:48:56 AM Middleware::Response Success
 2025-05-07 10:48:56 AM DisplayManager ERROR: Invalid settings provided
------------------------------------------------------------------------------

 2025-05-07 10:48:56 AM Service Sleeping for 67 seconds
 2025-05-07 10:50:03 AM Middleware::Response Success

------------------------------------------------------------------------------
----------------------------------AutoLogOut----------------------------------
------------------------------------------------------------------------------
 2025-05-07 10:50:03 AM Client-Info Client Version: 0.12.2
 2025-05-07 10:50:03 AM Client-Info Client OS:      Windows
 2025-05-07 10:50:03 AM Client-Info Server Version: 1.5.9.246
 2025-05-07 10:50:03 AM Middleware::Response Success
------------------------------------------------------------------------------


------------------------------------------------------------------------------
-----------------------------DefaultPrinterManager----------------------------
------------------------------------------------------------------------------
 2025-05-07 10:50:04 AM Client-Info Client Version: 0.12.2
 2025-05-07 10:50:04 AM Client-Info Client OS:      Windows
 2025-05-07 10:50:04 AM Client-Info Server Version: 1.5.9.246
 2025-05-07 10:50:04 AM Middleware::Response Success
------------------------------------------------------------------------------


------------------------------------------------------------------------------
--------------------------------DisplayManager--------------------------------
------------------------------------------------------------------------------
 2025-05-07 10:50:04 AM Client-Info Client Version: 0.12.2
 2025-05-07 10:50:04 AM Client-Info Client OS:      Windows
 2025-05-07 10:50:04 AM Client-Info Server Version: 1.5.9.246
 2025-05-07 10:50:04 AM Middleware::Response Success
 2025-05-07 10:50:04 AM DisplayManager ERROR: Invalid settings provided
------------------------------------------------------------------------------

 2025-05-07 10:50:04 AM Service Sleeping for 116 seconds
 2025-05-07 10:52:00 AM Middleware::Response Success

------------------------------------------------------------------------------
----------------------------------AutoLogOut----------------------------------
------------------------------------------------------------------------------
 2025-05-07 10:52:00 AM Client-Info Client Version: 0.12.2
 2025-05-07 10:52:00 AM Client-Info Client OS:      Windows
 2025-05-07 10:52:00 AM Client-Info Server Version: 1.5.9.246
 2025-05-07 10:52:00 AM Middleware::Response Success
------------------------------------------------------------------------------


------------------------------------------------------------------------------
-----------------------------DefaultPrinterManager----------------------------
------------------------------------------------------------------------------
 2025-05-07 10:52:00 AM Client-Info Client Version: 0.12.2
 2025-05-07 10:52:00 AM Client-Info Client OS:      Windows
 2025-05-07 10:52:00 AM Client-Info Server Version: 1.5.9.246
 2025-05-07 10:52:00 AM Middleware::Response Success
------------------------------------------------------------------------------


------------------------------------------------------------------------------
--------------------------------DisplayManager--------------------------------
------------------------------------------------------------------------------
 2025-05-07 10:52:00 AM Client-Info Client Version: 0.12.2
 2025-05-07 10:52:00 AM Client-Info Client OS:      Windows
 2025-05-07 10:52:00 AM Client-Info Server Version: 1.5.9.246
 2025-05-07 10:52:00 AM Middleware::Response Success
 2025-05-07 10:52:00 AM DisplayManager ERROR: Invalid settings provided
------------------------------------------------------------------------------

 2025-05-07 10:52:00 AM Service Sleeping for 132 seconds
 2025-05-07 10:54:12 AM Middleware::Response Success

------------------------------------------------------------------------------
----------------------------------AutoLogOut----------------------------------
------------------------------------------------------------------------------
 2025-05-07 10:54:12 AM Client-Info Client Version: 0.12.2
 2025-05-07 10:54:12 AM Client-Info Client OS:      Windows
 2025-05-07 10:54:12 AM Client-Info Server Version: 1.5.9.246
 2025-05-07 10:54:12 AM Middleware::Response Success
------------------------------------------------------------------------------


------------------------------------------------------------------------------
-----------------------------DefaultPrinterManager----------------------------
------------------------------------------------------------------------------
 2025-05-07 10:54:12 AM Client-Info Client Version: 0.12.2
 2025-05-07 10:54:12 AM Client-Info Client OS:      Windows
 2025-05-07 10:54:12 AM Client-Info Server Version: 1.5.9.246
 2025-05-07 10:54:12 AM Middleware::Response Success
------------------------------------------------------------------------------


------------------------------------------------------------------------------
--------------------------------DisplayManager--------------------------------
------------------------------------------------------------------------------
 2025-05-07 10:54:12 AM Client-Info Client Version: 0.12.2
 2025-05-07 10:54:12 AM Client-Info Client OS:      Windows
 2025-05-07 10:54:12 AM Client-Info Server Version: 1.5.9.246
 2025-05-07 10:54:12 AM Middleware::Response Success
 2025-05-07 10:54:12 AM DisplayManager ERROR: Invalid settings provided
------------------------------------------------------------------------------

 2025-05-07 10:54:12 AM Service Sleeping for 125 seconds
 2025-05-07 10:56:17 AM Middleware::Response Success

------------------------------------------------------------------------------
----------------------------------AutoLogOut----------------------------------
------------------------------------------------------------------------------
 2025-05-07 10:56:17 AM Client-Info Client Version: 0.12.2
 2025-05-07 10:56:17 AM Client-Info Client OS:      Windows
 2025-05-07 10:56:17 AM Client-Info Server Version: 1.5.9.246
 2025-05-07 10:56:17 AM Middleware::Response Success
------------------------------------------------------------------------------


------------------------------------------------------------------------------
-----------------------------DefaultPrinterManager----------------------------
------------------------------------------------------------------------------
 2025-05-07 10:56:17 AM Client-Info Client Version: 0.12.2
 2025-05-07 10:56:17 AM Client-Info Client OS:      Windows
 2025-05-07 10:56:17 AM Client-Info Server Version: 1.5.9.246
 2025-05-07 10:56:17 AM Middleware::Response Success
------------------------------------------------------------------------------


------------------------------------------------------------------------------
--------------------------------DisplayManager--------------------------------
------------------------------------------------------------------------------
 2025-05-07 10:56:17 AM Client-Info Client Version: 0.12.2
 2025-05-07 10:56:17 AM Client-Info Client OS:      Windows
 2025-05-07 10:56:17 AM Client-Info Server Version: 1.5.9.246
 2025-05-07 10:56:17 AM Middleware::Response Success
 2025-05-07 10:56:17 AM DisplayManager ERROR: Invalid settings provided
------------------------------------------------------------------------------

 2025-05-07 10:56:17 AM Service Sleeping for 109 seconds
 2025-05-07 10:58:06 AM Middleware::Response Success

------------------------------------------------------------------------------
----------------------------------AutoLogOut----------------------------------
------------------------------------------------------------------------------
 2025-05-07 10:58:06 AM Client-Info Client Version: 0.12.2
 2025-05-07 10:58:06 AM Client-Info Client OS:      Windows
 2025-05-07 10:58:06 AM Client-Info Server Version: 1.5.9.246
 2025-05-07 10:58:06 AM Middleware::Response Success
------------------------------------------------------------------------------


------------------------------------------------------------------------------
-----------------------------DefaultPrinterManager----------------------------
------------------------------------------------------------------------------
 2025-05-07 10:58:06 AM Client-Info Client Version: 0.12.2
 2025-05-07 10:58:06 AM Client-Info Client OS:      Windows
 2025-05-07 10:58:06 AM Client-Info Server Version: 1.5.9.246
 2025-05-07 10:58:06 AM Middleware::Response Success
------------------------------------------------------------------------------


------------------------------------------------------------------------------
--------------------------------DisplayManager--------------------------------
------------------------------------------------------------------------------
 2025-05-07 10:58:06 AM Client-Info Client Version: 0.12.2
 2025-05-07 10:58:06 AM Client-Info Client OS:      Windows
 2025-05-07 10:58:06 AM Client-Info Server Version: 1.5.9.246
 2025-05-07 10:58:06 AM Middleware::Response Success
 2025-05-07 10:58:06 AM DisplayManager ERROR: Invalid settings provided
------------------------------------------------------------------------------

 2025-05-07 10:58:06 AM Service Sleeping for 135 seconds
 2025-05-07 11:00:21 AM Middleware::Response Success

------------------------------------------------------------------------------
----------------------------------AutoLogOut----------------------------------
------------------------------------------------------------------------------
 2025-05-07 11:00:21 AM Client-Info Client Version: 0.12.2
 2025-05-07 11:00:21 AM Client-Info Client OS:      Windows
 2025-05-07 11:00:21 AM Client-Info Server Version: 1.5.9.246
 2025-05-07 11:00:21 AM Middleware::Response Success
------------------------------------------------------------------------------


------------------------------------------------------------------------------
-----------------------------DefaultPrinterManager----------------------------
------------------------------------------------------------------------------
 2025-05-07 11:00:21 AM Client-Info Client Version: 0.12.2
 2025-05-07 11:00:21 AM Client-Info Client OS:      Windows
 2025-05-07 11:00:21 AM Client-Info Server Version: 1.5.9.246
 2025-05-07 11:00:21 AM Middleware::Response Success
------------------------------------------------------------------------------


------------------------------------------------------------------------------
--------------------------------DisplayManager--------------------------------
------------------------------------------------------------------------------
 2025-05-07 11:00:21 AM Client-Info Client Version: 0.12.2
 2025-05-07 11:00:21 AM Client-Info Client OS:      Windows
 2025-05-07 11:00:21 AM Client-Info Server Version: 1.5.9.246
 2025-05-07 11:00:21 AM Middleware::Response Success
 2025-05-07 11:00:21 AM DisplayManager ERROR: Invalid settings provided
------------------------------------------------------------------------------

 2025-05-07 11:00:21 AM Service Sleeping for 133 seconds
 2025-05-07 11:02:34 AM Middleware::Response Success

------------------------------------------------------------------------------
----------------------------------AutoLogOut----------------------------------
------------------------------------------------------------------------------
 2025-05-07 11:02:34 AM Client-Info Client Version: 0.12.2
 2025-05-07 11:02:34 AM Client-Info Client OS:      Windows
 2025-05-07 11:02:34 AM Client-Info Server Version: 1.5.9.246
 2025-05-07 11:02:34 AM Middleware::Response Success
------------------------------------------------------------------------------


------------------------------------------------------------------------------
-----------------------------DefaultPrinterManager----------------------------
------------------------------------------------------------------------------
 2025-05-07 11:02:34 AM Client-Info Client Version: 0.12.2
 2025-05-07 11:02:34 AM Client-Info Client OS:      Windows
 2025-05-07 11:02:34 AM Client-Info Server Version: 1.5.9.246
 2025-05-07 11:02:34 AM Middleware::Response Success
------------------------------------------------------------------------------


------------------------------------------------------------------------------
--------------------------------DisplayManager--------------------------------
------------------------------------------------------------------------------
 2025-05-07 11:02:34 AM Client-Info Client Version: 0.12.2
 2025-05-07 11:02:34 AM Client-Info Client OS:      Windows
 2025-05-07 11:02:34 AM Client-Info Server Version: 1.5.9.246
 2025-05-07 11:02:34 AM Middleware::Response Success
 2025-05-07 11:02:34 AM DisplayManager ERROR: Invalid settings provided
------------------------------------------------------------------------------

 2025-05-07 11:02:34 AM Service Sleeping for 140 seconds
 2025-05-07 11:04:54 AM Middleware::Response Success

------------------------------------------------------------------------------
----------------------------------AutoLogOut----------------------------------
------------------------------------------------------------------------------
 2025-05-07 11:04:54 AM Client-Info Client Version: 0.12.2
 2025-05-07 11:04:54 AM Client-Info Client OS:      Windows
 2025-05-07 11:04:54 AM Client-Info Server Version: 1.5.9.246
 2025-05-07 11:04:54 AM Middleware::Response Success
------------------------------------------------------------------------------


------------------------------------------------------------------------------
-----------------------------DefaultPrinterManager----------------------------
------------------------------------------------------------------------------
 2025-05-07 11:04:54 AM Client-Info Client Version: 0.12.2
 2025-05-07 11:04:54 AM Client-Info Client OS:      Windows
 2025-05-07 11:04:54 AM Client-Info Server Version: 1.5.9.246
 2025-05-07 11:04:54 AM Middleware::Response Success
------------------------------------------------------------------------------


------------------------------------------------------------------------------
--------------------------------DisplayManager--------------------------------
------------------------------------------------------------------------------
 2025-05-07 11:04:54 AM Client-Info Client Version: 0.12.2
 2025-05-07 11:04:54 AM Client-Info Client OS:      Windows
 2025-05-07 11:04:54 AM Client-Info Server Version: 1.5.9.246
 2025-05-07 11:04:54 AM Middleware::Response Success
 2025-05-07 11:04:54 AM DisplayManager ERROR: Invalid settings provided
------------------------------------------------------------------------------

 2025-05-07 11:04:54 AM Service Sleeping for 101 seconds
 2025-05-07 11:06:35 AM Middleware::Response Success

------------------------------------------------------------------------------
----------------------------------AutoLogOut----------------------------------
------------------------------------------------------------------------------
 2025-05-07 11:06:35 AM Client-Info Client Version: 0.12.2
 2025-05-07 11:06:35 AM Client-Info Client OS:      Windows
 2025-05-07 11:06:35 AM Client-Info Server Version: 1.5.9.246
 2025-05-07 11:06:35 AM Middleware::Response Success
------------------------------------------------------------------------------


------------------------------------------------------------------------------
-----------------------------DefaultPrinterManager----------------------------
------------------------------------------------------------------------------
 2025-05-07 11:06:35 AM Client-Info Client Version: 0.12.2
 2025-05-07 11:06:35 AM Client-Info Client OS:      Windows
 2025-05-07 11:06:35 AM Client-Info Server Version: 1.5.9.246
 2025-05-07 11:06:35 AM Middleware::Response Success
------------------------------------------------------------------------------


------------------------------------------------------------------------------
--------------------------------DisplayManager--------------------------------
------------------------------------------------------------------------------
 2025-05-07 11:06:35 AM Client-Info Client Version: 0.12.2
 2025-05-07 11:06:35 AM Client-Info Client OS:      Windows
 2025-05-07 11:06:35 AM Client-Info Server Version: 1.5.9.246
 2025-05-07 11:06:35 AM Middleware::Response Success
 2025-05-07 11:06:35 AM DisplayManager ERROR: Invalid settings provided
------------------------------------------------------------------------------

 2025-05-07 11:06:35 AM Service Sleeping for 111 seconds
 2025-05-07 11:08:26 AM Middleware::Response Success

------------------------------------------------------------------------------
----------------------------------AutoLogOut----------------------------------
------------------------------------------------------------------------------
 2025-05-07 11:08:26 AM Client-Info Client Version: 0.12.2
 2025-05-07 11:08:26 AM Client-Info Client OS:      Windows
 2025-05-07 11:08:26 AM Client-Info Server Version: 1.5.9.246
 2025-05-07 11:08:26 AM Middleware::Response Success
------------------------------------------------------------------------------


------------------------------------------------------------------------------
-----------------------------DefaultPrinterManager----------------------------
------------------------------------------------------------------------------
 2025-05-07 11:08:26 AM Client-Info Client Version: 0.12.2
 2025-05-07 11:08:26 AM Client-Info Client OS:      Windows
 2025-05-07 11:08:26 AM Client-Info Server Version: 1.5.9.246
 2025-05-07 11:08:26 AM Middleware::Response Success
------------------------------------------------------------------------------


------------------------------------------------------------------------------
--------------------------------DisplayManager--------------------------------
------------------------------------------------------------------------------
 2025-05-07 11:08:26 AM Client-Info Client Version: 0.12.2
 2025-05-07 11:08:26 AM Client-Info Client OS:      Windows
 2025-05-07 11:08:26 AM Client-Info Server Version: 1.5.9.246
 2025-05-07 11:08:26 AM Middleware::Response Success
 2025-05-07 11:08:26 AM DisplayManager ERROR: Invalid settings provided
------------------------------------------------------------------------------

 2025-05-07 11:08:26 AM Service Sleeping for 111 seconds
 2025-05-07 11:10:17 AM Middleware::Response Success

------------------------------------------------------------------------------
----------------------------------AutoLogOut----------------------------------
------------------------------------------------------------------------------
 2025-05-07 11:10:17 AM Client-Info Client Version: 0.12.2
 2025-05-07 11:10:17 AM Client-Info Client OS:      Windows
 2025-05-07 11:10:17 AM Client-Info Server Version: 1.5.9.246
 2025-05-07 11:10:17 AM Middleware::Response Success
------------------------------------------------------------------------------


------------------------------------------------------------------------------
-----------------------------DefaultPrinterManager----------------------------
------------------------------------------------------------------------------
 2025-05-07 11:10:17 AM Client-Info Client Version: 0.12.2
 2025-05-07 11:10:17 AM Client-Info Client OS:      Windows
 2025-05-07 11:10:17 AM Client-Info Server Version: 1.5.9.246
 2025-05-07 11:10:17 AM Middleware::Response Success
------------------------------------------------------------------------------


------------------------------------------------------------------------------
--------------------------------DisplayManager--------------------------------
------------------------------------------------------------------------------
 2025-05-07 11:10:17 AM Client-Info Client Version: 0.12.2
 2025-05-07 11:10:17 AM Client-Info Client OS:      Windows
 2025-05-07 11:10:17 AM Client-Info Server Version: 1.5.9.246
 2025-05-07 11:10:17 AM Middleware::Response Success
 2025-05-07 11:10:17 AM DisplayManager ERROR: Invalid settings provided
------------------------------------------------------------------------------

 2025-05-07 11:10:17 AM Service Sleeping for 142 seconds
 2025-05-07 11:12:39 AM Middleware::Response Success

------------------------------------------------------------------------------
----------------------------------AutoLogOut----------------------------------
------------------------------------------------------------------------------
 2025-05-07 11:12:39 AM Client-Info Client Version: 0.12.2
 2025-05-07 11:12:39 AM Client-Info Client OS:      Windows
 2025-05-07 11:12:39 AM Client-Info Server Version: 1.5.9.246
 2025-05-07 11:12:39 AM Middleware::Response Success
------------------------------------------------------------------------------


------------------------------------------------------------------------------
-----------------------------DefaultPrinterManager----------------------------
------------------------------------------------------------------------------
 2025-05-07 11:12:39 AM Client-Info Client Version: 0.12.2
 2025-05-07 11:12:39 AM Client-Info Client OS:      Windows
 2025-05-07 11:12:39 AM Client-Info Server Version: 1.5.9.246
 2025-05-07 11:12:39 AM Middleware::Response Success
------------------------------------------------------------------------------


------------------------------------------------------------------------------
--------------------------------DisplayManager--------------------------------
------------------------------------------------------------------------------
 2025-05-07 11:12:39 AM Client-Info Client Version: 0.12.2
 2025-05-07 11:12:39 AM Client-Info Client OS:      Windows
 2025-05-07 11:12:39 AM Client-Info Server Version: 1.5.9.246
 2025-05-07 11:12:39 AM Middleware::Response Success
 2025-05-07 11:12:39 AM DisplayManager ERROR: Invalid settings provided
------------------------------------------------------------------------------

 2025-05-07 11:12:39 AM Service Sleeping for 68 seconds
 2025-05-07 11:13:47 AM Middleware::Response Success

------------------------------------------------------------------------------
----------------------------------AutoLogOut----------------------------------
------------------------------------------------------------------------------
 2025-05-07 11:13:47 AM Client-Info Client Version: 0.12.2
 2025-05-07 11:13:47 AM Client-Info Client OS:      Windows
 2025-05-07 11:13:47 AM Client-Info Server Version: 1.5.9.246
 2025-05-07 11:13:47 AM Middleware::Response Success
------------------------------------------------------------------------------


------------------------------------------------------------------------------
-----------------------------DefaultPrinterManager----------------------------
------------------------------------------------------------------------------
 2025-05-07 11:13:47 AM Client-Info Client Version: 0.12.2
 2025-05-07 11:13:47 AM Client-Info Client OS:      Windows
 2025-05-07 11:13:47 AM Client-Info Server Version: 1.5.9.246
 2025-05-07 11:13:47 AM Middleware::Response Success
------------------------------------------------------------------------------


------------------------------------------------------------------------------
--------------------------------DisplayManager--------------------------------
------------------------------------------------------------------------------
 2025-05-07 11:13:47 AM Client-Info Client Version: 0.12.2
 2025-05-07 11:13:47 AM Client-Info Client OS:      Windows
 2025-05-07 11:13:47 AM Client-Info Server Version: 1.5.9.246
 2025-05-07 11:13:47 AM Middleware::Response Success
 2025-05-07 11:13:47 AM DisplayManager ERROR: Invalid settings provided
------------------------------------------------------------------------------

 2025-05-07 11:13:47 AM Service Sleeping for 149 seconds
 2025-05-07 11:16:16 AM Middleware::Response Success

------------------------------------------------------------------------------
----------------------------------AutoLogOut----------------------------------
------------------------------------------------------------------------------
 2025-05-07 11:16:16 AM Client-Info Client Version: 0.12.2
 2025-05-07 11:16:16 AM Client-Info Client OS:      Windows
 2025-05-07 11:16:16 AM Client-Info Server Version: 1.5.9.246
 2025-05-07 11:16:16 AM Middleware::Response Success
------------------------------------------------------------------------------


------------------------------------------------------------------------------
-----------------------------DefaultPrinterManager----------------------------
------------------------------------------------------------------------------
 2025-05-07 11:16:16 AM Client-Info Client Version: 0.12.2
 2025-05-07 11:16:16 AM Client-Info Client OS:      Windows
 2025-05-07 11:16:16 AM Client-Info Server Version: 1.5.9.246
 2025-05-07 11:16:16 AM Middleware::Response Success
------------------------------------------------------------------------------


------------------------------------------------------------------------------
--------------------------------DisplayManager--------------------------------
------------------------------------------------------------------------------
 2025-05-07 11:16:16 AM Client-Info Client Version: 0.12.2
 2025-05-07 11:16:16 AM Client-Info Client OS:      Windows
 2025-05-07 11:16:16 AM Client-Info Server Version: 1.5.9.246
 2025-05-07 11:16:16 AM Middleware::Response Success
 2025-05-07 11:16:16 AM DisplayManager ERROR: Invalid settings provided
------------------------------------------------------------------------------

 2025-05-07 11:16:16 AM Service Sleeping for 133 seconds
 2025-05-07 11:18:29 AM Middleware::Response Success

------------------------------------------------------------------------------
----------------------------------AutoLogOut----------------------------------
------------------------------------------------------------------------------
 2025-05-07 11:18:29 AM Client-Info Client Version: 0.12.2
 2025-05-07 11:18:29 AM Client-Info Client OS:      Windows
 2025-05-07 11:18:29 AM Client-Info Server Version: 1.5.9.246
 2025-05-07 11:18:29 AM Middleware::Response Success
------------------------------------------------------------------------------


------------------------------------------------------------------------------
-----------------------------DefaultPrinterManager----------------------------
------------------------------------------------------------------------------
 2025-05-07 11:18:29 AM Client-Info Client Version: 0.12.2
 2025-05-07 11:18:29 AM Client-Info Client OS:      Windows
 2025-05-07 11:18:29 AM Client-Info Server Version: 1.5.9.246
 2025-05-07 11:18:29 AM Middleware::Response Success
------------------------------------------------------------------------------


------------------------------------------------------------------------------
--------------------------------DisplayManager--------------------------------
------------------------------------------------------------------------------
 2025-05-07 11:18:29 AM Client-Info Client Version: 0.12.2
 2025-05-07 11:18:29 AM Client-Info Client OS:      Windows
 2025-05-07 11:18:29 AM Client-Info Server Version: 1.5.9.246
 2025-05-07 11:18:29 AM Middleware::Response Success
 2025-05-07 11:18:29 AM DisplayManager ERROR: Invalid settings provided
------------------------------------------------------------------------------

 2025-05-07 11:18:29 AM Service Sleeping for 100 seconds
 2025-05-07 11:20:09 AM Middleware::Response Success

------------------------------------------------------------------------------
----------------------------------AutoLogOut----------------------------------
------------------------------------------------------------------------------
 2025-05-07 11:20:09 AM Client-Info Client Version: 0.12.2
 2025-05-07 11:20:09 AM Client-Info Client OS:      Windows
 2025-05-07 11:20:09 AM Client-Info Server Version: 1.5.9.246
 2025-05-07 11:20:09 AM Middleware::Response Success
------------------------------------------------------------------------------


------------------------------------------------------------------------------
-----------------------------DefaultPrinterManager----------------------------
------------------------------------------------------------------------------
 2025-05-07 11:20:09 AM Client-Info Client Version: 0.12.2
 2025-05-07 11:20:09 AM Client-Info Client OS:      Windows
 2025-05-07 11:20:09 AM Client-Info Server Version: 1.5.9.246
 2025-05-07 11:20:09 AM Middleware::Response Success
------------------------------------------------------------------------------


------------------------------------------------------------------------------
--------------------------------DisplayManager--------------------------------
------------------------------------------------------------------------------
 2025-05-07 11:20:09 AM Client-Info Client Version: 0.12.2
 2025-05-07 11:20:09 AM Client-Info Client OS:      Windows
 2025-05-07 11:20:09 AM Client-Info Server Version: 1.5.9.246
 2025-05-07 11:20:09 AM Middleware::Response Success
 2025-05-07 11:20:09 AM DisplayManager ERROR: Invalid settings provided
------------------------------------------------------------------------------

 2025-05-07 11:20:09 AM Service Sleeping for 78 seconds
 2025-05-07 11:21:27 AM Middleware::Response Success

------------------------------------------------------------------------------
----------------------------------AutoLogOut----------------------------------
------------------------------------------------------------------------------
 2025-05-07 11:21:27 AM Client-Info Client Version: 0.12.2
 2025-05-07 11:21:27 AM Client-Info Client OS:      Windows
 2025-05-07 11:21:27 AM Client-Info Server Version: 1.5.9.246
 2025-05-07 11:21:27 AM Middleware::Response Success
------------------------------------------------------------------------------


------------------------------------------------------------------------------
-----------------------------DefaultPrinterManager----------------------------
------------------------------------------------------------------------------
 2025-05-07 11:21:27 AM Client-Info Client Version: 0.12.2
 2025-05-07 11:21:27 AM Client-Info Client OS:      Windows
 2025-05-07 11:21:27 AM Client-Info Server Version: 1.5.9.246
 2025-05-07 11:21:27 AM Middleware::Response Success
------------------------------------------------------------------------------


------------------------------------------------------------------------------
--------------------------------DisplayManager--------------------------------
------------------------------------------------------------------------------
 2025-05-07 11:21:27 AM Client-Info Client Version: 0.12.2
 2025-05-07 11:21:27 AM Client-Info Client OS:      Windows
 2025-05-07 11:21:27 AM Client-Info Server Version: 1.5.9.246
 2025-05-07 11:21:27 AM Middleware::Response Success
 2025-05-07 11:21:27 AM DisplayManager ERROR: Invalid settings provided
------------------------------------------------------------------------------

 2025-05-07 11:21:27 AM Service Sleeping for 78 seconds
 2025-05-07 11:22:45 AM Middleware::Response Success

------------------------------------------------------------------------------
----------------------------------AutoLogOut----------------------------------
------------------------------------------------------------------------------
 2025-05-07 11:22:45 AM Client-Info Client Version: 0.12.2
 2025-05-07 11:22:45 AM Client-Info Client OS:      Windows
 2025-05-07 11:22:45 AM Client-Info Server Version: 1.5.9.246
 2025-05-07 11:22:45 AM Middleware::Response Success
------------------------------------------------------------------------------


------------------------------------------------------------------------------
-----------------------------DefaultPrinterManager----------------------------
------------------------------------------------------------------------------
 2025-05-07 11:22:45 AM Client-Info Client Version: 0.12.2
 2025-05-07 11:22:45 AM Client-Info Client OS:      Windows
 2025-05-07 11:22:45 AM Client-Info Server Version: 1.5.9.246
 2025-05-07 11:22:45 AM Middleware::Response Success
------------------------------------------------------------------------------


------------------------------------------------------------------------------
--------------------------------DisplayManager--------------------------------
------------------------------------------------------------------------------
 2025-05-07 11:22:45 AM Client-Info Client Version: 0.12.2
 2025-05-07 11:22:45 AM Client-Info Client OS:      Windows
 2025-05-07 11:22:45 AM Client-Info Server Version: 1.5.9.246
 2025-05-07 11:22:45 AM Middleware::Response Success
 2025-05-07 11:22:45 AM DisplayManager ERROR: Invalid settings provided
------------------------------------------------------------------------------

 2025-05-07 11:22:45 AM Service Sleeping for 122 seconds
 2025-05-07 11:24:47 AM Middleware::Response Success

------------------------------------------------------------------------------
----------------------------------AutoLogOut----------------------------------
------------------------------------------------------------------------------
 2025-05-07 11:24:47 AM Client-Info Client Version: 0.12.2
 2025-05-07 11:24:47 AM Client-Info Client OS:      Windows
 2025-05-07 11:24:47 AM Client-Info Server Version: 1.5.9.246
 2025-05-07 11:24:47 AM Middleware::Response Success
------------------------------------------------------------------------------


------------------------------------------------------------------------------
-----------------------------DefaultPrinterManager----------------------------
------------------------------------------------------------------------------
 2025-05-07 11:24:47 AM Client-Info Client Version: 0.12.2
 2025-05-07 11:24:47 AM Client-Info Client OS:      Windows
 2025-05-07 11:24:47 AM Client-Info Server Version: 1.5.9.246
 2025-05-07 11:24:47 AM Middleware::Response Success
------------------------------------------------------------------------------


------------------------------------------------------------------------------
--------------------------------DisplayManager--------------------------------
------------------------------------------------------------------------------
 2025-05-07 11:24:47 AM Client-Info Client Version: 0.12.2
 2025-05-07 11:24:47 AM Client-Info Client OS:      Windows
 2025-05-07 11:24:47 AM Client-Info Server Version: 1.5.9.246
 2025-05-07 11:24:47 AM Middleware::Response Success
 2025-05-07 11:24:47 AM DisplayManager ERROR: Invalid settings provided
------------------------------------------------------------------------------

 2025-05-07 11:24:47 AM Service Sleeping for 126 seconds
 2025-05-07 11:26:53 AM Middleware::Response Success

------------------------------------------------------------------------------
----------------------------------AutoLogOut----------------------------------
------------------------------------------------------------------------------
 2025-05-07 11:26:53 AM Client-Info Client Version: 0.12.2
 2025-05-07 11:26:53 AM Client-Info Client OS:      Windows
 2025-05-07 11:26:53 AM Client-Info Server Version: 1.5.9.246
 2025-05-07 11:26:53 AM Middleware::Response Success
------------------------------------------------------------------------------


------------------------------------------------------------------------------
-----------------------------DefaultPrinterManager----------------------------
------------------------------------------------------------------------------
 2025-05-07 11:26:53 AM Client-Info Client Version: 0.12.2
 2025-05-07 11:26:54 AM Client-Info Client OS:      Windows
 2025-05-07 11:26:54 AM Client-Info Server Version: 1.5.9.246
 2025-05-07 11:26:54 AM Middleware::Response Success
------------------------------------------------------------------------------


------------------------------------------------------------------------------
--------------------------------DisplayManager--------------------------------
------------------------------------------------------------------------------
 2025-05-07 11:26:54 AM Client-Info Client Version: 0.12.2
 2025-05-07 11:26:54 AM Client-Info Client OS:      Windows
 2025-05-07 11:26:54 AM Client-Info Server Version: 1.5.9.246
 2025-05-07 11:26:54 AM Middleware::Response Success
 2025-05-07 11:26:54 AM DisplayManager ERROR: Invalid settings provided
------------------------------------------------------------------------------

 2025-05-07 11:26:54 AM Service Sleeping for 76 seconds
 2025-05-07 11:28:10 AM Middleware::Response Success

------------------------------------------------------------------------------
----------------------------------AutoLogOut----------------------------------
------------------------------------------------------------------------------
 2025-05-07 11:28:10 AM Client-Info Client Version: 0.12.2
 2025-05-07 11:28:10 AM Client-Info Client OS:      Windows
 2025-05-07 11:28:10 AM Client-Info Server Version: 1.5.9.246
 2025-05-07 11:28:10 AM Middleware::Response Success
------------------------------------------------------------------------------


------------------------------------------------------------------------------
-----------------------------DefaultPrinterManager----------------------------
------------------------------------------------------------------------------
 2025-05-07 11:28:10 AM Client-Info Client Version: 0.12.2
 2025-05-07 11:28:10 AM Client-Info Client OS:      Windows
 2025-05-07 11:28:10 AM Client-Info Server Version: 1.5.9.246
 2025-05-07 11:28:10 AM Middleware::Response Success
------------------------------------------------------------------------------


------------------------------------------------------------------------------
--------------------------------DisplayManager--------------------------------
------------------------------------------------------------------------------
 2025-05-07 11:28:10 AM Client-Info Client Version: 0.12.2
 2025-05-07 11:28:10 AM Client-Info Client OS:      Windows
 2025-05-07 11:28:10 AM Client-Info Server Version: 1.5.9.246
 2025-05-07 11:28:10 AM Middleware::Response Success
 2025-05-07 11:28:10 AM DisplayManager ERROR: Invalid settings provided
------------------------------------------------------------------------------

 2025-05-07 11:28:10 AM Service Sleeping for 146 seconds
 2025-05-07 11:30:36 AM Middleware::Response Success

------------------------------------------------------------------------------
----------------------------------AutoLogOut----------------------------------
------------------------------------------------------------------------------
 2025-05-07 11:30:36 AM Client-Info Client Version: 0.12.2
 2025-05-07 11:30:36 AM Client-Info Client OS:      Windows
 2025-05-07 11:30:36 AM Client-Info Server Version: 1.5.9.246
 2025-05-07 11:30:36 AM Middleware::Response Success
------------------------------------------------------------------------------


------------------------------------------------------------------------------
-----------------------------DefaultPrinterManager----------------------------
------------------------------------------------------------------------------
 2025-05-07 11:30:36 AM Client-Info Client Version: 0.12.2
 2025-05-07 11:30:36 AM Client-Info Client OS:      Windows
 2025-05-07 11:30:36 AM Client-Info Server Version: 1.5.9.246
 2025-05-07 11:30:36 AM Middleware::Response Success
------------------------------------------------------------------------------


------------------------------------------------------------------------------
--------------------------------DisplayManager--------------------------------
------------------------------------------------------------------------------
 2025-05-07 11:30:36 AM Client-Info Client Version: 0.12.2
 2025-05-07 11:30:36 AM Client-Info Client OS:      Windows
 2025-05-07 11:30:36 AM Client-Info Server Version: 1.5.9.246
 2025-05-07 11:30:36 AM Middleware::Response Success
 2025-05-07 11:30:36 AM DisplayManager ERROR: Invalid settings provided
------------------------------------------------------------------------------

 2025-05-07 11:30:36 AM Service Sleeping for 72 seconds
 2025-05-07 11:31:48 AM Middleware::Response Success

------------------------------------------------------------------------------
----------------------------------AutoLogOut----------------------------------
------------------------------------------------------------------------------
 2025-05-07 11:31:48 AM Client-Info Client Version: 0.12.2
 2025-05-07 11:31:48 AM Client-Info Client OS:      Windows
 2025-05-07 11:31:48 AM Client-Info Server Version: 1.5.9.246
 2025-05-07 11:31:48 AM Middleware::Response Success
------------------------------------------------------------------------------


------------------------------------------------------------------------------
-----------------------------DefaultPrinterManager----------------------------
------------------------------------------------------------------------------
 2025-05-07 11:31:48 AM Client-Info Client Version: 0.12.2
 2025-05-07 11:31:48 AM Client-Info Client OS:      Windows
 2025-05-07 11:31:48 AM Client-Info Server Version: 1.5.9.246
 2025-05-07 11:31:48 AM Middleware::Response Success
------------------------------------------------------------------------------


------------------------------------------------------------------------------
--------------------------------DisplayManager--------------------------------
------------------------------------------------------------------------------
 2025-05-07 11:31:48 AM Client-Info Client Version: 0.12.2
 2025-05-07 11:31:48 AM Client-Info Client OS:      Windows
 2025-05-07 11:31:48 AM Client-Info Server Version: 1.5.9.246
 2025-05-07 11:31:48 AM Middleware::Response Success
 2025-05-07 11:31:48 AM DisplayManager ERROR: Invalid settings provided
------------------------------------------------------------------------------

 2025-05-07 11:31:48 AM Service Sleeping for 72 seconds
 2025-05-07 11:33:00 AM Middleware::Response Success

------------------------------------------------------------------------------
----------------------------------AutoLogOut----------------------------------
------------------------------------------------------------------------------
 2025-05-07 11:33:00 AM Client-Info Client Version: 0.12.2
 2025-05-07 11:33:00 AM Client-Info Client OS:      Windows
 2025-05-07 11:33:00 AM Client-Info Server Version: 1.5.9.246
 2025-05-07 11:33:00 AM Middleware::Response Success
------------------------------------------------------------------------------


------------------------------------------------------------------------------
-----------------------------DefaultPrinterManager----------------------------
------------------------------------------------------------------------------
 2025-05-07 11:33:00 AM Client-Info Client Version: 0.12.2
 2025-05-07 11:33:00 AM Client-Info Client OS:      Windows
 2025-05-07 11:33:00 AM Client-Info Server Version: 1.5.9.246
 2025-05-07 11:33:00 AM Middleware::Response Success
------------------------------------------------------------------------------


------------------------------------------------------------------------------
--------------------------------DisplayManager--------------------------------
------------------------------------------------------------------------------
 2025-05-07 11:33:00 AM Client-Info Client Version: 0.12.2
 2025-05-07 11:33:00 AM Client-Info Client OS:      Windows
 2025-05-07 11:33:00 AM Client-Info Server Version: 1.5.9.246
 2025-05-07 11:33:00 AM Middleware::Response Success
 2025-05-07 11:33:00 AM DisplayManager ERROR: Invalid settings provided
------------------------------------------------------------------------------

 2025-05-07 11:33:00 AM Service Sleeping for 132 seconds
 2025-05-07 11:35:12 AM Middleware::Response Success

------------------------------------------------------------------------------
----------------------------------AutoLogOut----------------------------------
------------------------------------------------------------------------------
 2025-05-07 11:35:12 AM Client-Info Client Version: 0.12.2
 2025-05-07 11:35:12 AM Client-Info Client OS:      Windows
 2025-05-07 11:35:12 AM Client-Info Server Version: 1.5.9.246
 2025-05-07 11:35:12 AM Middleware::Response Success
------------------------------------------------------------------------------


------------------------------------------------------------------------------
-----------------------------DefaultPrinterManager----------------------------
------------------------------------------------------------------------------
 2025-05-07 11:35:12 AM Client-Info Client Version: 0.12.2
 2025-05-07 11:35:12 AM Client-Info Client OS:      Windows
 2025-05-07 11:35:12 AM Client-Info Server Version: 1.5.9.246
 2025-05-07 11:35:12 AM Middleware::Response Success
------------------------------------------------------------------------------


------------------------------------------------------------------------------
--------------------------------DisplayManager--------------------------------
------------------------------------------------------------------------------
 2025-05-07 11:35:12 AM Client-Info Client Version: 0.12.2
 2025-05-07 11:35:12 AM Client-Info Client OS:      Windows
 2025-05-07 11:35:12 AM Client-Info Server Version: 1.5.9.246
 2025-05-07 11:35:12 AM Middleware::Response Success
 2025-05-07 11:35:12 AM DisplayManager ERROR: Invalid settings provided
------------------------------------------------------------------------------

 2025-05-07 11:35:12 AM Service Sleeping for 107 seconds
 2025-05-07 11:36:59 AM Middleware::Response Success

------------------------------------------------------------------------------
----------------------------------AutoLogOut----------------------------------
------------------------------------------------------------------------------
 2025-05-07 11:36:59 AM Client-Info Client Version: 0.12.2
 2025-05-07 11:36:59 AM Client-Info Client OS:      Windows
 2025-05-07 11:36:59 AM Client-Info Server Version: 1.5.9.246
 2025-05-07 11:36:59 AM Middleware::Response Success
------------------------------------------------------------------------------


------------------------------------------------------------------------------
-----------------------------DefaultPrinterManager----------------------------
------------------------------------------------------------------------------
 2025-05-07 11:36:59 AM Client-Info Client Version: 0.12.2
 2025-05-07 11:36:59 AM Client-Info Client OS:      Windows
 2025-05-07 11:36:59 AM Client-Info Server Version: 1.5.9.246
 2025-05-07 11:36:59 AM Middleware::Response Success
------------------------------------------------------------------------------


------------------------------------------------------------------------------
--------------------------------DisplayManager--------------------------------
------------------------------------------------------------------------------
 2025-05-07 11:36:59 AM Client-Info Client Version: 0.12.2
 2025-05-07 11:36:59 AM Client-Info Client OS:      Windows
 2025-05-07 11:36:59 AM Client-Info Server Version: 1.5.9.246
 2025-05-07 11:36:59 AM Middleware::Response Success
 2025-05-07 11:36:59 AM DisplayManager ERROR: Invalid settings provided
------------------------------------------------------------------------------

 2025-05-07 11:36:59 AM Service Sleeping for 127 seconds
 2025-05-07 11:39:06 AM Middleware::Response Success

------------------------------------------------------------------------------
----------------------------------AutoLogOut----------------------------------
------------------------------------------------------------------------------
 2025-05-07 11:39:06 AM Client-Info Client Version: 0.12.2
 2025-05-07 11:39:06 AM Client-Info Client OS:      Windows
 2025-05-07 11:39:06 AM Client-Info Server Version: 1.5.9.246
 2025-05-07 11:39:06 AM Middleware::Response Success
------------------------------------------------------------------------------


------------------------------------------------------------------------------
-----------------------------DefaultPrinterManager----------------------------
------------------------------------------------------------------------------
 2025-05-07 11:39:06 AM Client-Info Client Version: 0.12.2
 2025-05-07 11:39:06 AM Client-Info Client OS:      Windows
 2025-05-07 11:39:06 AM Client-Info Server Version: 1.5.9.246
 2025-05-07 11:39:06 AM Middleware::Response Success
------------------------------------------------------------------------------


------------------------------------------------------------------------------
--------------------------------DisplayManager--------------------------------
------------------------------------------------------------------------------
 2025-05-07 11:39:06 AM Client-Info Client Version: 0.12.2
 2025-05-07 11:39:06 AM Client-Info Client OS:      Windows
 2025-05-07 11:39:06 AM Client-Info Server Version: 1.5.9.246
 2025-05-07 11:39:06 AM Middleware::Response Success
 2025-05-07 11:39:06 AM DisplayManager ERROR: Invalid settings provided
------------------------------------------------------------------------------

 2025-05-07 11:39:06 AM Service Sleeping for 134 seconds
 2025-05-07 11:41:20 AM Middleware::Response Success

------------------------------------------------------------------------------
----------------------------------AutoLogOut----------------------------------
------------------------------------------------------------------------------
 2025-05-07 11:41:20 AM Client-Info Client Version: 0.12.2
 2025-05-07 11:41:20 AM Client-Info Client OS:      Windows
 2025-05-07 11:41:20 AM Client-Info Server Version: 1.5.9.246
 2025-05-07 11:41:20 AM Middleware::Response Success
------------------------------------------------------------------------------


------------------------------------------------------------------------------
-----------------------------DefaultPrinterManager----------------------------
------------------------------------------------------------------------------
 2025-05-07 11:41:20 AM Client-Info Client Version: 0.12.2
 2025-05-07 11:41:20 AM Client-Info Client OS:      Windows
 2025-05-07 11:41:20 AM Client-Info Server Version: 1.5.9.246
 2025-05-07 11:41:20 AM Middleware::Response Success
------------------------------------------------------------------------------


------------------------------------------------------------------------------
--------------------------------DisplayManager--------------------------------
------------------------------------------------------------------------------
 2025-05-07 11:41:20 AM Client-Info Client Version: 0.12.2
 2025-05-07 11:41:20 AM Client-Info Client OS:      Windows
 2025-05-07 11:41:20 AM Client-Info Server Version: 1.5.9.246
 2025-05-07 11:41:20 AM Middleware::Response Success
 2025-05-07 11:41:20 AM DisplayManager ERROR: Invalid settings provided
------------------------------------------------------------------------------

 2025-05-07 11:41:20 AM Service Sleeping for 76 seconds
 2025-05-07 11:42:36 AM Middleware::Response Success

------------------------------------------------------------------------------
----------------------------------AutoLogOut----------------------------------
------------------------------------------------------------------------------
 2025-05-07 11:42:36 AM Client-Info Client Version: 0.12.2
 2025-05-07 11:42:36 AM Client-Info Client OS:      Windows
 2025-05-07 11:42:36 AM Client-Info Server Version: 1.5.9.246
 2025-05-07 11:42:36 AM Middleware::Response Success
------------------------------------------------------------------------------


------------------------------------------------------------------------------
-----------------------------DefaultPrinterManager----------------------------
------------------------------------------------------------------------------
 2025-05-07 11:42:36 AM Client-Info Client Version: 0.12.2
 2025-05-07 11:42:36 AM Client-Info Client OS:      Windows
 2025-05-07 11:42:36 AM Client-Info Server Version: 1.5.9.246
 2025-05-07 11:42:36 AM Middleware::Response Success
------------------------------------------------------------------------------


------------------------------------------------------------------------------
--------------------------------DisplayManager--------------------------------
------------------------------------------------------------------------------
 2025-05-07 11:42:36 AM Client-Info Client Version: 0.12.2
 2025-05-07 11:42:36 AM Client-Info Client OS:      Windows
 2025-05-07 11:42:36 AM Client-Info Server Version: 1.5.9.246
 2025-05-07 11:42:36 AM Middleware::Response Success
 2025-05-07 11:42:36 AM DisplayManager ERROR: Invalid settings provided
------------------------------------------------------------------------------

 2025-05-07 11:42:36 AM Service Sleeping for 76 seconds
 2025-05-07 11:43:52 AM Middleware::Response Success

------------------------------------------------------------------------------
----------------------------------AutoLogOut----------------------------------
------------------------------------------------------------------------------
 2025-05-07 11:43:52 AM Client-Info Client Version: 0.12.2
 2025-05-07 11:43:52 AM Client-Info Client OS:      Windows
 2025-05-07 11:43:52 AM Client-Info Server Version: 1.5.9.246
 2025-05-07 11:43:52 AM Middleware::Response Success
------------------------------------------------------------------------------


------------------------------------------------------------------------------
-----------------------------DefaultPrinterManager----------------------------
------------------------------------------------------------------------------
 2025-05-07 11:43:52 AM Client-Info Client Version: 0.12.2
 2025-05-07 11:43:52 AM Client-Info Client OS:      Windows
 2025-05-07 11:43:52 AM Client-Info Server Version: 1.5.9.246
 2025-05-07 11:43:52 AM Middleware::Response Success
------------------------------------------------------------------------------


------------------------------------------------------------------------------
--------------------------------DisplayManager--------------------------------
------------------------------------------------------------------------------
 2025-05-07 11:43:52 AM Client-Info Client Version: 0.12.2
 2025-05-07 11:43:52 AM Client-Info Client OS:      Windows
 2025-05-07 11:43:52 AM Client-Info Server Version: 1.5.9.246
 2025-05-07 11:43:52 AM Middleware::Response Success
 2025-05-07 11:43:52 AM DisplayManager ERROR: Invalid settings provided
------------------------------------------------------------------------------

 2025-05-07 11:43:52 AM Service Sleeping for 113 seconds
 2025-05-07 11:45:45 AM Middleware::Response Success

------------------------------------------------------------------------------
----------------------------------AutoLogOut----------------------------------
------------------------------------------------------------------------------
 2025-05-07 11:45:45 AM Client-Info Client Version: 0.12.2
 2025-05-07 11:45:45 AM Client-Info Client OS:      Windows
 2025-05-07 11:45:45 AM Client-Info Server Version: 1.5.9.246
 2025-05-07 11:45:45 AM Middleware::Response Success
------------------------------------------------------------------------------


------------------------------------------------------------------------------
-----------------------------DefaultPrinterManager----------------------------
------------------------------------------------------------------------------
 2025-05-07 11:45:45 AM Client-Info Client Version: 0.12.2
 2025-05-07 11:45:45 AM Client-Info Client OS:      Windows
 2025-05-07 11:45:45 AM Client-Info Server Version: 1.5.9.246
 2025-05-07 11:45:45 AM Middleware::Response Success
------------------------------------------------------------------------------


------------------------------------------------------------------------------
--------------------------------DisplayManager--------------------------------
------------------------------------------------------------------------------
 2025-05-07 11:45:46 AM Client-Info Client Version: 0.12.2
 2025-05-07 11:45:46 AM Client-Info Client OS:      Windows
 2025-05-07 11:45:46 AM Client-Info Server Version: 1.5.9.246
 2025-05-07 11:45:46 AM Middleware::Response Success
 2025-05-07 11:45:46 AM DisplayManager ERROR: Invalid settings provided
------------------------------------------------------------------------------

 2025-05-07 11:45:46 AM Service Sleeping for 115 seconds
 2025-05-07 11:47:41 AM Middleware::Response Success

------------------------------------------------------------------------------
----------------------------------AutoLogOut----------------------------------
------------------------------------------------------------------------------
 2025-05-07 11:47:41 AM Client-Info Client Version: 0.12.2
 2025-05-07 11:47:41 AM Client-Info Client OS:      Windows
 2025-05-07 11:47:41 AM Client-Info Server Version: 1.5.9.246
 2025-05-07 11:47:41 AM Middleware::Response Success
------------------------------------------------------------------------------


------------------------------------------------------------------------------
-----------------------------DefaultPrinterManager----------------------------
------------------------------------------------------------------------------
 2025-05-07 11:47:41 AM Client-Info Client Version: 0.12.2
 2025-05-07 11:47:41 AM Client-Info Client OS:      Windows
 2025-05-07 11:47:41 AM Client-Info Server Version: 1.5.9.246
 2025-05-07 11:47:41 AM Middleware::Response Success
------------------------------------------------------------------------------


------------------------------------------------------------------------------
--------------------------------DisplayManager--------------------------------
------------------------------------------------------------------------------
 2025-05-07 11:47:41 AM Client-Info Client Version: 0.12.2
 2025-05-07 11:47:41 AM Client-Info Client OS:      Windows
 2025-05-07 11:47:41 AM Client-Info Server Version: 1.5.9.246
 2025-05-07 11:47:41 AM Middleware::Response Success
 2025-05-07 11:47:41 AM DisplayManager ERROR: Invalid settings provided
------------------------------------------------------------------------------

 2025-05-07 11:47:41 AM Service Sleeping for 123 seconds
 2025-05-07 11:49:44 AM Middleware::Response Success

------------------------------------------------------------------------------
----------------------------------AutoLogOut----------------------------------
------------------------------------------------------------------------------
 2025-05-07 11:49:44 AM Client-Info Client Version: 0.12.2
 2025-05-07 11:49:44 AM Client-Info Client OS:      Windows
 2025-05-07 11:49:44 AM Client-Info Server Version: 1.5.9.246
 2025-05-07 11:49:44 AM Middleware::Response Success
------------------------------------------------------------------------------


------------------------------------------------------------------------------
-----------------------------DefaultPrinterManager----------------------------
------------------------------------------------------------------------------
 2025-05-07 11:49:44 AM Client-Info Client Version: 0.12.2
 2025-05-07 11:49:44 AM Client-Info Client OS:      Windows
 2025-05-07 11:49:44 AM Client-Info Server Version: 1.5.9.246
 2025-05-07 11:49:44 AM Middleware::Response Success
------------------------------------------------------------------------------


------------------------------------------------------------------------------
--------------------------------DisplayManager--------------------------------
------------------------------------------------------------------------------
 2025-05-07 11:49:44 AM Client-Info Client Version: 0.12.2
 2025-05-07 11:49:44 AM Client-Info Client OS:      Windows
 2025-05-07 11:49:44 AM Client-Info Server Version: 1.5.9.246
 2025-05-07 11:49:44 AM Middleware::Response Success
 2025-05-07 11:49:44 AM DisplayManager ERROR: Invalid settings provided
------------------------------------------------------------------------------

 2025-05-07 11:49:44 AM Service Sleeping for 120 seconds
